ID,Age,Employment Type,GraduateOrNot,AnnualIncome,FamilyMembers,ChronicDiseases,FrequentFlyer,EverTravelledAbroad,TravelInsurance
1008,26,Private Sector/Self Employed,Yes,1400000,5,0,No,Yes,1
199,30,Private Sector/Self Employed,No,1450000,5,0,Yes,Yes,1
86,32,Government Sector,Yes,900000,4,0,No,No,0
560,26,Private Sector/Self Employed,Yes,1400000,7,0,No,Yes,1
161,34,Private Sector/Self Employed,No,1400000,3,1,No,Yes,1
1291,34,Private Sector/Self Employed,Yes,1500000,5,1,Yes,Yes,1
1811,29,Private Sector/Self Employed,Yes,1100000,8,0,No,No,0
375,28,Private Sector/Self Employed,Yes,1100000,6,1,No,No,0
1243,33,Government Sector,Yes,700000,6,1,No,No,1
949,29,Private Sector/Self Employed,Yes,1200000,3,1,No,Yes,1
583,29,Private Sector/Self Employed,Yes,500000,3,0,No,No,1
1452,31,Private Sector/Self Employed,Yes,1350000,3,0,No,Yes,1
310,30,Private Sector/Self Employed,No,550000,8,0,No,No,0
777,27,Government Sector,Yes,500000,5,0,No,No,0
1426,26,Government Sector,Yes,500000,6,1,No,No,0
1220,28,Private Sector/Self Employed,Yes,1100000,5,0,No,No,0
906,34,Government Sector,Yes,1300000,5,1,No,No,0
1748,28,Private Sector/Self Employed,Yes,1100000,4,0,Yes,No,0
1451,25,Private Sector/Self Employed,No,1150000,4,1,No,No,0
1414,34,Private Sector/Self Employed,Yes,700000,3,0,No,No,0
451,28,Private Sector/Self Employed,Yes,800000,4,0,No,No,0
1037,29,Private Sector/Self Employed,Yes,900000,7,0,No,No,1
292,27,Government Sector,Yes,850000,4,0,No,No,0
1534,33,Government Sector,Yes,1750000,6,0,No,No,1
784,31,Government Sector,Yes,1500000,5,1,Yes,Yes,1
1552,28,Private Sector/Self Employed,Yes,750000,2,0,No,No,1
1905,25,Private Sector/Self Employed,No,600000,4,1,Yes,No,0
1932,35,Private Sector/Self Employed,No,800000,4,1,No,No,0
1464,31,Government Sector,Yes,400000,3,0,No,No,0
1120,31,Government Sector,No,300000,4,0,No,No,0
965,25,Private Sector/Self Employed,No,1150000,8,0,Yes,No,0
483,28,Private Sector/Self Employed,Yes,1150000,4,0,No,No,0
1267,31,Private Sector/Self Employed,Yes,1350000,3,0,Yes,Yes,1
1852,28,Private Sector/Self Employed,Yes,1200000,6,1,No,No,0
1223,33,Private Sector/Self Employed,Yes,550000,5,1,No,No,0
950,28,Private Sector/Self Employed,Yes,550000,5,0,No,No,0
178,32,Government Sector,Yes,350000,6,0,No,No,0
845,28,Private Sector/Self Employed,Yes,750000,3,1,No,No,0
105,28,Private Sector/Self Employed,Yes,750000,3,0,No,No,0
1676,27,Government Sector,Yes,1050000,7,0,No,No,1
1702,27,Government Sector,Yes,1050000,2,0,No,No,0
1034,25,Private Sector/Self Employed,Yes,1400000,3,0,Yes,Yes,1
986,25,Private Sector/Self Employed,Yes,1400000,3,0,No,Yes,1
1972,28,Private Sector/Self Employed,Yes,800000,5,1,No,No,0
1087,31,Government Sector,Yes,1200000,7,1,No,No,0
1287,34,Private Sector/Self Employed,Yes,500000,4,0,No,No,0
875,29,Private Sector/Self Employed,Yes,600000,3,1,No,No,0
1847,28,Government Sector,Yes,1200000,3,0,No,No,1
1365,34,Private Sector/Self Employed,No,750000,3,0,Yes,No,0
686,33,Private Sector/Self Employed,Yes,1500000,3,0,Yes,Yes,1
376,31,Government Sector,Yes,1300000,4,0,No,No,0
323,33,Private Sector/Self Employed,Yes,1400000,5,0,No,Yes,1
324,28,Government Sector,Yes,300000,5,0,No,No,0
1121,34,Private Sector/Self Employed,Yes,1000000,6,1,No,No,1
1577,28,Government Sector,No,300000,4,0,No,No,0
651,33,Private Sector/Self Employed,Yes,1400000,8,1,No,Yes,1
812,33,Government Sector,Yes,1000000,4,1,No,No,0
1760,34,Private Sector/Self Employed,Yes,1500000,3,0,Yes,Yes,1
123,27,Government Sector,Yes,850000,3,0,No,No,0
1054,31,Government Sector,Yes,400000,5,0,No,No,0
67,34,Private Sector/Self Employed,Yes,1500000,3,0,Yes,Yes,1
83,34,Private Sector/Self Employed,No,950000,4,0,Yes,No,1
56,28,Private Sector/Self Employed,Yes,550000,3,0,No,No,1
232,28,Private Sector/Self Employed,Yes,1250000,6,0,No,No,0
1241,33,Government Sector,Yes,1100000,8,0,No,No,1
621,28,Private Sector/Self Employed,Yes,650000,4,0,No,No,0
1651,34,Private Sector/Self Employed,Yes,1500000,3,0,Yes,Yes,1
1158,34,Private Sector/Self Employed,Yes,700000,2,0,No,No,0
884,35,Government Sector,Yes,1100000,8,0,Yes,No,1
707,28,Private Sector/Self Employed,Yes,550000,4,1,No,No,0
1697,29,Private Sector/Self Employed,Yes,1050000,5,0,No,No,0
1561,28,Private Sector/Self Employed,Yes,700000,7,0,No,No,0
1885,35,Government Sector,Yes,1100000,3,0,No,No,0
1625,28,Government Sector,Yes,300000,3,1,No,No,1
70,34,Government Sector,Yes,1300000,4,0,No,No,0
1111,34,Private Sector/Self Employed,Yes,500000,3,0,No,No,0
1986,34,Private Sector/Self Employed,Yes,500000,4,0,No,No,0
1590,30,Private Sector/Self Employed,No,550000,5,0,Yes,No,0
1512,28,Private Sector/Self Employed,Yes,500000,3,0,No,No,0
5,25,Private Sector/Self Employed,No,1150000,4,0,No,No,0
430,26,Private Sector/Self Employed,Yes,1300000,7,0,No,No,1
1594,25,Private Sector/Self Employed,Yes,1400000,5,1,No,Yes,1
1274,34,Private Sector/Self Employed,Yes,1000000,3,0,No,No,0
1319,26,Private Sector/Self Employed,Yes,600000,6,0,Yes,No,0
205,29,Private Sector/Self Employed,Yes,1150000,4,1,No,Yes,0
827,32,Government Sector,Yes,850000,7,1,No,No,1
1074,34,Private Sector/Self Employed,Yes,1500000,5,1,Yes,Yes,0
1021,28,Private Sector/Self Employed,Yes,1150000,4,0,No,No,1
1558,32,Government Sector,Yes,800000,5,0,No,No,0
490,29,Private Sector/Self Employed,Yes,1200000,5,1,No,No,0
231,31,Government Sector,Yes,1200000,5,1,No,No,0
1975,26,Private Sector/Self Employed,Yes,1400000,9,0,No,Yes,1
818,28,Private Sector/Self Employed,Yes,900000,4,0,No,No,1
1189,34,Private Sector/Self Employed,No,1300000,3,0,No,No,0
1272,33,Government Sector,Yes,650000,3,0,No,No,1
1751,28,Government Sector,Yes,300000,5,0,No,No,0
876,28,Private Sector/Self Employed,Yes,800000,4,1,No,No,0
1393,33,Government Sector,Yes,1000000,4,0,Yes,Yes,0
1221,28,Government Sector,Yes,300000,2,0,No,No,0
791,35,Private Sector/Self Employed,No,800000,7,0,No,No,1
1834,31,Private Sector/Self Employed,Yes,1100000,4,0,Yes,No,0
149,28,Private Sector/Self Employed,Yes,800000,5,1,No,No,0
1141,33,Private Sector/Self Employed,Yes,750000,4,1,No,No,0
1915,28,Private Sector/Self Employed,Yes,800000,5,0,No,No,0
360,28,Private Sector/Self Employed,No,550000,4,0,No,No,0
1682,30,Private Sector/Self Employed,No,800000,3,0,No,No,0
1777,34,Private Sector/Self Employed,Yes,700000,4,1,Yes,No,0
1799,26,Government Sector,Yes,1450000,3,0,Yes,Yes,1
1024,32,Government Sector,Yes,800000,9,0,No,Yes,1
1299,28,Private Sector/Self Employed,Yes,700000,6,1,No,No,0
598,35,Private Sector/Self Employed,No,800000,6,0,Yes,No,1
666,28,Private Sector/Self Employed,Yes,800000,5,0,No,No,0
787,34,Private Sector/Self Employed,Yes,1000000,4,0,No,No,0
1045,28,Private Sector/Self Employed,Yes,1100000,4,1,No,No,0
1122,34,Private Sector/Self Employed,Yes,700000,5,0,Yes,No,1
973,26,Private Sector/Self Employed,Yes,1500000,4,0,Yes,Yes,1
1250,28,Private Sector/Self Employed,Yes,800000,7,0,No,No,0
955,34,Private Sector/Self Employed,Yes,1300000,6,0,No,No,1
1078,31,Government Sector,No,300000,3,0,No,No,0
1822,35,Private Sector/Self Employed,No,800000,5,0,No,No,0
1245,26,Private Sector/Self Employed,Yes,1400000,3,0,No,Yes,1
544,31,Government Sector,No,400000,3,0,No,No,0
1859,32,Government Sector,Yes,800000,3,1,No,No,0
1944,34,Private Sector/Self Employed,Yes,1500000,4,1,Yes,Yes,1
143,26,Private Sector/Self Employed,Yes,1300000,4,0,No,No,0
1810,27,Private Sector/Self Employed,No,350000,4,0,No,No,0
124,32,Government Sector,Yes,350000,4,1,No,No,0
196,34,Private Sector/Self Employed,Yes,1000000,7,0,No,No,1
542,27,Private Sector/Self Employed,No,600000,4,0,Yes,No,0
1236,28,Government Sector,Yes,600000,3,0,No,No,0
366,28,Government Sector,Yes,300000,3,0,No,No,0
154,28,Private Sector/Self Employed,Yes,700000,4,0,Yes,No,0
745,28,Government Sector,Yes,600000,3,0,Yes,No,0
1098,28,Private Sector/Self Employed,Yes,1150000,6,1,No,No,0
1879,27,Private Sector/Self Employed,No,350000,2,0,No,No,0
238,29,Private Sector/Self Employed,Yes,600000,3,1,No,No,0
1783,29,Private Sector/Self Employed,Yes,1200000,9,0,No,No,1
754,32,Government Sector,Yes,850000,3,0,No,No,0
171,28,Private Sector/Self Employed,Yes,900000,7,0,No,No,0
1383,25,Private Sector/Self Employed,Yes,1400000,2,1,No,Yes,1
1535,33,Government Sector,Yes,650000,5,0,Yes,No,1
681,28,Private Sector/Self Employed,Yes,1200000,4,0,No,No,0
434,34,Private Sector/Self Employed,Yes,1300000,7,0,No,No,1
799,31,Government Sector,Yes,1200000,3,0,No,No,0
1804,28,Private Sector/Self Employed,Yes,1100000,5,0,No,No,0
882,26,Private Sector/Self Employed,Yes,600000,4,1,No,No,0
15,34,Private Sector/Self Employed,Yes,700000,7,0,No,No,0
359,25,Private Sector/Self Employed,No,1150000,3,0,No,No,0
1206,29,Private Sector/Self Employed,Yes,1200000,3,0,No,No,1
1643,28,Private Sector/Self Employed,Yes,1150000,9,0,No,No,0
1072,31,Government Sector,Yes,400000,6,0,No,No,0
1851,28,Private Sector/Self Employed,No,550000,6,0,No,No,1
1349,26,Private Sector/Self Employed,Yes,1400000,3,0,No,Yes,1
1303,28,Private Sector/Self Employed,Yes,1200000,5,0,No,No,0
234,34,Private Sector/Self Employed,Yes,1300000,4,0,No,No,0
572,28,Private Sector/Self Employed,No,550000,5,0,No,No,0
209,25,Private Sector/Self Employed,No,1700000,3,1,Yes,No,0
1059,32,Government Sector,Yes,350000,4,0,No,No,0
1556,30,Private Sector/Self Employed,No,1450000,6,0,Yes,Yes,1
332,31,Private Sector/Self Employed,Yes,1650000,7,1,Yes,No,1
1212,34,Private Sector/Self Employed,No,1300000,5,0,No,No,0
505,28,Private Sector/Self Employed,Yes,800000,4,0,No,No,0
433,28,Private Sector/Self Employed,Yes,1100000,4,0,No,No,0
59,33,Private Sector/Self Employed,Yes,1400000,9,0,Yes,Yes,1
571,32,Government Sector,Yes,850000,5,1,No,No,0
1858,30,Private Sector/Self Employed,No,750000,3,1,No,No,1
449,31,Private Sector/Self Employed,Yes,500000,3,1,No,No,1
1126,29,Private Sector/Self Employed,Yes,1200000,4,0,No,No,0
1984,28,Private Sector/Self Employed,Yes,1150000,6,1,No,No,0
1938,34,Private Sector/Self Employed,No,1400000,4,0,No,Yes,0
44,25,Private Sector/Self Employed,Yes,1400000,7,0,No,Yes,1
69,31,Government Sector,No,300000,4,0,No,No,0
701,29,Private Sector/Self Employed,Yes,1350000,7,1,No,Yes,1
16,28,Private Sector/Self Employed,Yes,1150000,4,1,No,No,0
1606,33,Government Sector,Yes,700000,2,0,No,No,0
1930,31,Government Sector,Yes,1200000,7,0,No,No,0
1265,34,Private Sector/Self Employed,Yes,1000000,5,0,No,No,0
1315,25,Private Sector/Self Employed,No,1150000,3,0,No,No,0
390,33,Private Sector/Self Employed,Yes,550000,5,0,No,No,1
729,27,Private Sector/Self Employed,No,600000,3,0,No,Yes,0
392,31,Private Sector/Self Employed,Yes,950000,4,1,No,No,1
348,31,Private Sector/Self Employed,Yes,1400000,6,1,No,Yes,0
1047,31,Private Sector/Self Employed,Yes,1350000,4,0,No,Yes,1
974,26,Private Sector/Self Employed,Yes,1500000,4,0,Yes,Yes,1
908,34,Private Sector/Self Employed,Yes,1300000,3,0,No,Yes,0
1244,25,Private Sector/Self Employed,No,1150000,3,1,No,Yes,0
383,29,Private Sector/Self Employed,Yes,1100000,4,0,No,No,0
1089,26,Private Sector/Self Employed,Yes,500000,3,0,No,No,0
1090,29,Private Sector/Self Employed,Yes,1100000,5,1,No,No,0
475,34,Private Sector/Self Employed,Yes,1000000,4,0,No,No,1
79,31,Government Sector,No,400000,5,1,No,No,0
1073,28,Private Sector/Self Employed,Yes,500000,7,0,No,No,0
1432,28,Private Sector/Self Employed,Yes,700000,3,0,No,No,1
942,25,Private Sector/Self Employed,Yes,500000,6,0,No,No,0
1531,27,Government Sector,Yes,750000,5,0,No,No,0
1528,28,Private Sector/Self Employed,Yes,750000,2,0,No,No,0
1123,25,Private Sector/Self Employed,Yes,1800000,6,1,Yes,No,1
1116,28,Government Sector,Yes,600000,9,0,Yes,No,1
508,28,Private Sector/Self Employed,Yes,900000,6,0,No,No,1
713,28,Private Sector/Self Employed,Yes,1100000,2,1,No,No,1
1854,34,Government Sector,Yes,1300000,5,0,Yes,No,1
756,28,Government Sector,No,300000,6,0,No,No,0
833,31,Government Sector,Yes,1500000,3,0,Yes,Yes,1
1443,29,Private Sector/Self Employed,Yes,1200000,7,1,No,No,1
1280,25,Private Sector/Self Employed,Yes,1400000,4,0,No,Yes,1
1277,34,Private Sector/Self Employed,Yes,1500000,2,0,Yes,Yes,1
242,33,Government Sector,Yes,400000,4,0,No,No,0
13,31,Government Sector,Yes,1500000,6,0,Yes,Yes,1
1278,30,Private Sector/Self Employed,No,550000,3,0,No,No,1
1836,33,Government Sector,Yes,800000,4,0,No,No,0
548,27,Government Sector,Yes,850000,5,0,No,No,0
1562,29,Private Sector/Self Employed,Yes,1100000,4,0,No,No,1
1308,31,Private Sector/Self Employed,Yes,1250000,7,1,No,No,0
1456,25,Private Sector/Self Employed,No,1700000,3,0,Yes,No,1
43,28,Private Sector/Self Employed,Yes,1200000,4,0,Yes,No,1
1152,28,Government Sector,Yes,300000,4,0,No,No,0
1848,31,Government Sector,No,400000,7,1,No,No,0
925,30,Private Sector/Self Employed,No,800000,3,0,No,No,0
663,32,Government Sector,Yes,800000,6,1,No,No,1
653,27,Government Sector,Yes,500000,7,0,No,No,0
1125,28,Government Sector,Yes,300000,5,0,No,No,0
403,28,Private Sector/Self Employed,Yes,800000,8,1,No,No,0
1843,28,Private Sector/Self Employed,Yes,1200000,4,0,No,No,0
953,29,Private Sector/Self Employed,Yes,1750000,6,0,No,No,0
619,35,Government Sector,Yes,1100000,6,0,No,No,1
625,31,Private Sector/Self Employed,Yes,1750000,4,0,No,No,0
1354,26,Private Sector/Self Employed,Yes,1400000,9,1,No,Yes,1
19,34,Private Sector/Self Employed,Yes,1500000,2,0,Yes,Yes,1
18,29,Private Sector/Self Employed,Yes,1050000,5,1,No,No,1
1380,28,Private Sector/Self Employed,Yes,500000,5,1,No,No,1
523,33,Government Sector,Yes,400000,5,1,No,No,0
620,29,Private Sector/Self Employed,Yes,1050000,4,0,Yes,No,0
1611,26,Private Sector/Self Employed,Yes,1400000,6,1,No,Yes,1
444,28,Private Sector/Self Employed,Yes,700000,4,1,No,No,1
1837,34,Private Sector/Self Employed,Yes,1300000,5,0,No,Yes,0
1690,35,Private Sector/Self Employed,No,800000,6,1,No,Yes,1
1253,25,Private Sector/Self Employed,Yes,1700000,3,0,Yes,No,1
822,29,Private Sector/Self Employed,Yes,1200000,4,0,No,No,0
97,29,Private Sector/Self Employed,Yes,350000,7,0,No,No,0
730,31,Private Sector/Self Employed,Yes,500000,6,0,No,No,1
1539,33,Private Sector/Self Employed,Yes,550000,7,1,Yes,No,1
1805,29,Private Sector/Self Employed,Yes,1200000,4,0,No,No,0
1684,26,Private Sector/Self Employed,Yes,1400000,6,1,No,Yes,1
1117,28,Private Sector/Self Employed,Yes,800000,5,1,No,No,0
1232,31,Government Sector,No,350000,4,1,No,No,0
983,35,Private Sector/Self Employed,No,950000,6,0,Yes,No,1
1632,32,Government Sector,Yes,800000,7,0,No,No,0
734,34,Private Sector/Self Employed,Yes,1050000,7,0,No,No,1
894,30,Private Sector/Self Employed,No,800000,5,0,No,No,1
732,30,Private Sector/Self Employed,No,800000,4,0,No,No,0
1133,35,Government Sector,Yes,1100000,3,1,No,No,1
1260,30,Private Sector/Self Employed,No,550000,4,0,No,No,0
1979,28,Private Sector/Self Employed,Yes,1100000,4,1,No,No,0
1298,27,Government Sector,Yes,500000,2,1,No,No,1
608,28,Private Sector/Self Employed,Yes,800000,4,1,Yes,No,1
131,28,Private Sector/Self Employed,Yes,750000,4,0,No,No,0
537,29,Private Sector/Self Employed,Yes,600000,8,1,No,No,1
1894,28,Private Sector/Self Employed,Yes,700000,4,1,No,No,0
1882,31,Private Sector/Self Employed,Yes,1350000,9,1,No,Yes,1
521,28,Private Sector/Self Employed,Yes,1100000,6,0,No,No,0
606,28,Private Sector/Self Employed,Yes,800000,3,0,No,No,0
396,33,Government Sector,Yes,650000,6,1,No,No,1
1307,28,Private Sector/Self Employed,Yes,900000,3,0,No,No,0
193,34,Private Sector/Self Employed,No,1300000,5,1,No,No,0
624,34,Private Sector/Self Employed,Yes,1000000,9,0,No,No,0
1248,28,Private Sector/Self Employed,Yes,1200000,5,0,No,No,0
160,31,Government Sector,Yes,1200000,5,1,No,No,1
1162,34,Private Sector/Self Employed,No,1400000,4,0,No,Yes,1
618,31,Private Sector/Self Employed,Yes,1650000,2,0,Yes,No,1
1603,28,Government Sector,Yes,600000,6,0,No,No,0
1239,34,Private Sector/Self Employed,Yes,1500000,6,1,Yes,Yes,1
157,28,Private Sector/Self Employed,Yes,600000,3,1,No,No,0
432,34,Private Sector/Self Employed,Yes,500000,5,0,No,No,0
302,34,Private Sector/Self Employed,Yes,700000,6,0,No,No,1
1168,28,Government Sector,Yes,600000,3,0,No,No,0
1400,29,Private Sector/Self Employed,Yes,1050000,6,1,Yes,No,0
1917,34,Private Sector/Self Employed,No,1300000,4,0,No,No,1
1279,29,Private Sector/Self Employed,Yes,1200000,5,0,Yes,No,1
1145,28,Private Sector/Self Employed,Yes,500000,5,0,No,No,0
807,27,Government Sector,Yes,1050000,3,0,Yes,No,1
1339,34,Private Sector/Self Employed,Yes,1500000,5,0,Yes,Yes,1
404,33,Government Sector,Yes,650000,5,1,No,No,1
1797,28,Private Sector/Self Employed,Yes,800000,3,1,No,No,0
1263,28,Government Sector,Yes,600000,7,1,No,No,0
1936,33,Private Sector/Self Employed,Yes,1500000,7,0,Yes,Yes,1
862,28,Government Sector,Yes,300000,3,1,No,No,0
113,29,Private Sector/Self Employed,Yes,900000,4,0,Yes,No,0
1722,34,Private Sector/Self Employed,Yes,1500000,3,1,Yes,Yes,1
877,26,Private Sector/Self Employed,Yes,1400000,3,0,No,Yes,1
928,26,Private Sector/Self Employed,Yes,450000,7,0,No,No,1
227,34,Private Sector/Self Employed,Yes,1300000,6,1,No,No,0
63,27,Government Sector,Yes,500000,2,0,No,No,0
600,34,Private Sector/Self Employed,Yes,1500000,4,1,Yes,Yes,1
58,33,Private Sector/Self Employed,Yes,1400000,6,0,Yes,Yes,1
1405,28,Government Sector,Yes,600000,8,0,No,No,0
1103,34,Private Sector/Self Employed,Yes,1050000,5,1,No,No,0
370,31,Government Sector,Yes,1300000,6,0,No,No,1
1816,34,Private Sector/Self Employed,Yes,1000000,3,0,Yes,No,0
1097,28,Government Sector,Yes,600000,8,0,Yes,No,0
850,32,Government Sector,Yes,850000,4,0,Yes,No,0
748,28,Private Sector/Self Employed,Yes,650000,5,0,No,Yes,0
737,28,Private Sector/Self Employed,Yes,700000,4,1,No,No,1
1109,25,Private Sector/Self Employed,Yes,1400000,4,1,Yes,Yes,1
1767,35,Private Sector/Self Employed,No,800000,4,0,No,No,1
1786,31,Private Sector/Self Employed,Yes,950000,4,0,No,No,0
325,31,Private Sector/Self Employed,Yes,1250000,4,0,No,No,0
39,33,Private Sector/Self Employed,Yes,1500000,5,1,Yes,Yes,1
1629,34,Private Sector/Self Employed,Yes,1000000,5,0,Yes,No,0
492,34,Private Sector/Self Employed,Yes,500000,3,0,No,No,0
717,28,Private Sector/Self Employed,Yes,800000,4,0,No,No,0
282,26,Private Sector/Self Employed,Yes,1400000,4,0,No,Yes,1
790,32,Government Sector,Yes,900000,4,1,No,No,1
1872,29,Private Sector/Self Employed,Yes,1050000,7,0,No,No,0
1911,27,Private Sector/Self Employed,No,1550000,6,1,Yes,No,1
682,26,Private Sector/Self Employed,Yes,1500000,5,1,Yes,Yes,1
1704,26,Private Sector/Self Employed,Yes,1400000,3,1,No,Yes,0
399,35,Private Sector/Self Employed,No,800000,5,0,No,No,0
1416,26,Private Sector/Self Employed,Yes,600000,6,1,No,No,0
1176,34,Private Sector/Self Employed,No,1300000,5,0,No,No,0
172,27,Private Sector/Self Employed,No,600000,8,0,No,No,0
831,27,Government Sector,Yes,1050000,6,1,No,No,0
1900,27,Private Sector/Self Employed,No,1000000,3,1,No,No,0
721,34,Private Sector/Self Employed,Yes,1050000,4,0,No,No,0
1261,33,Government Sector,Yes,800000,6,1,No,No,1
1128,33,Government Sector,Yes,700000,4,0,No,No,0
330,35,Private Sector/Self Employed,No,800000,4,0,No,No,0
1194,31,Private Sector/Self Employed,Yes,1350000,3,0,No,Yes,1
1399,25,Private Sector/Self Employed,No,600000,3,1,No,No,0
1438,32,Government Sector,Yes,850000,3,0,Yes,No,0
49,31,Private Sector/Self Employed,Yes,1350000,3,0,No,Yes,1
283,26,Private Sector/Self Employed,Yes,600000,4,0,Yes,No,0
1570,28,Private Sector/Self Employed,Yes,700000,5,0,No,Yes,0
387,28,Government Sector,Yes,300000,5,0,No,No,0
1521,29,Private Sector/Self Employed,Yes,1350000,5,0,No,Yes,1
1492,27,Private Sector/Self Employed,No,1000000,6,0,No,No,0
1571,34,Private Sector/Self Employed,Yes,1500000,6,0,Yes,Yes,1
1631,33,Government Sector,Yes,1000000,3,0,No,No,0
1425,28,Government Sector,Yes,600000,4,0,No,No,0
1100,27,Private Sector/Self Employed,No,450000,3,0,No,No,1
1233,27,Government Sector,Yes,1050000,5,1,No,No,0
202,28,Private Sector/Self Employed,Yes,600000,7,0,No,No,1
1064,29,Private Sector/Self Employed,Yes,1200000,5,0,No,No,0
1025,31,Government Sector,Yes,1300000,4,1,No,No,1
687,28,Private Sector/Self Employed,Yes,1150000,3,0,No,No,0
251,28,Government Sector,Yes,300000,5,0,No,No,0
460,25,Private Sector/Self Employed,No,1350000,6,0,No,Yes,1
1435,34,Private Sector/Self Employed,Yes,500000,4,0,No,No,1
931,28,Government Sector,Yes,1200000,6,1,No,No,0
567,35,Private Sector/Self Employed,No,800000,7,1,No,Yes,1
471,26,Private Sector/Self Employed,Yes,1250000,3,0,No,No,0
735,28,Government Sector,Yes,300000,4,0,No,No,0
91,28,Government Sector,Yes,300000,4,1,No,No,0
1331,31,Private Sector/Self Employed,Yes,1250000,5,0,No,No,1
261,28,Private Sector/Self Employed,Yes,1100000,4,1,No,No,1
1659,29,Private Sector/Self Employed,Yes,500000,3,0,No,No,0
1778,28,Private Sector/Self Employed,Yes,750000,4,0,Yes,No,0
1907,28,Private Sector/Self Employed,Yes,600000,5,0,Yes,No,1
725,30,Private Sector/Self Employed,No,800000,4,0,No,No,1
911,27,Government Sector,Yes,1050000,5,0,Yes,No,0
1006,28,Private Sector/Self Employed,Yes,1100000,6,0,No,No,0
1346,29,Private Sector/Self Employed,Yes,1100000,4,0,No,No,0
1945,28,Private Sector/Self Employed,No,550000,4,1,No,Yes,1
1939,27,Private Sector/Self Employed,No,450000,8,0,No,No,0
1673,28,Private Sector/Self Employed,Yes,700000,3,0,No,No,0
1084,29,Private Sector/Self Employed,Yes,1050000,4,0,No,No,0
706,34,Private Sector/Self Employed,Yes,700000,4,0,No,No,0
422,34,Private Sector/Self Employed,Yes,1500000,7,1,Yes,Yes,1
1088,28,Private Sector/Self Employed,Yes,1250000,9,1,No,No,0
1010,27,Government Sector,Yes,500000,8,0,No,No,0
1749,33,Government Sector,Yes,1100000,4,1,No,Yes,0
1929,28,Government Sector,Yes,600000,7,1,No,No,1
1553,28,Private Sector/Self Employed,Yes,1450000,3,0,Yes,Yes,1
1459,34,Private Sector/Self Employed,Yes,1500000,5,1,Yes,Yes,1
1696,28,Private Sector/Self Employed,Yes,800000,2,1,No,No,0
731,28,Private Sector/Self Employed,Yes,800000,5,0,No,No,0
1056,31,Government Sector,Yes,1300000,4,0,No,No,0
389,31,Private Sector/Self Employed,Yes,1350000,5,0,No,Yes,1
1813,29,Private Sector/Self Employed,Yes,1350000,4,0,No,Yes,1
1169,25,Private Sector/Self Employed,Yes,1400000,7,0,No,Yes,1
776,25,Private Sector/Self Employed,Yes,1400000,6,0,Yes,Yes,1
673,30,Private Sector/Self Employed,No,750000,3,1,No,No,1
1118,33,Government Sector,Yes,1100000,2,0,Yes,No,0
30,30,Private Sector/Self Employed,No,550000,6,0,Yes,Yes,0
847,29,Private Sector/Self Employed,Yes,1050000,4,0,No,No,1
1601,28,Private Sector/Self Employed,Yes,1250000,4,1,No,No,0
1596,31,Government Sector,No,400000,3,0,No,No,0
527,28,Private Sector/Self Employed,Yes,700000,4,1,No,No,0
258,29,Private Sector/Self Employed,Yes,900000,7,0,Yes,No,0
1151,34,Private Sector/Self Employed,Yes,700000,7,0,No,No,1
1667,28,Private Sector/Self Employed,Yes,750000,5,0,No,No,0
878,26,Private Sector/Self Employed,Yes,600000,4,0,No,No,0
810,29,Private Sector/Self Employed,Yes,600000,4,1,No,No,0
25,35,Private Sector/Self Employed,No,800000,4,0,No,Yes,0
644,32,Government Sector,Yes,800000,4,0,No,No,0
652,33,Government Sector,Yes,800000,6,0,No,No,1
1983,28,Private Sector/Self Employed,Yes,1750000,5,1,No,Yes,0
40,25,Private Sector/Self Employed,Yes,1400000,3,1,Yes,Yes,1
1796,28,Private Sector/Self Employed,Yes,1200000,3,0,No,No,0
1106,34,Private Sector/Self Employed,Yes,1300000,4,0,No,No,0
1398,31,Private Sector/Self Employed,Yes,1400000,3,0,Yes,Yes,1
1262,27,Government Sector,Yes,500000,4,0,No,No,1
351,29,Private Sector/Self Employed,Yes,1200000,9,1,Yes,No,0
615,28,Government Sector,Yes,300000,3,1,No,No,0
1779,25,Private Sector/Self Employed,No,1700000,6,0,Yes,No,1
33,32,Government Sector,Yes,850000,3,0,No,No,0
1314,31,Private Sector/Self Employed,Yes,1400000,6,0,No,Yes,1
1520,28,Government Sector,Yes,600000,4,1,No,No,0
957,28,Private Sector/Self Employed,Yes,500000,5,1,No,No,0
1067,34,Private Sector/Self Employed,Yes,700000,4,0,Yes,No,1
347,34,Private Sector/Self Employed,Yes,1300000,6,0,Yes,No,0
117,31,Government Sector,Yes,400000,5,0,No,No,0
764,27,Government Sector,Yes,500000,5,0,No,No,0
1598,32,Government Sector,Yes,650000,5,1,No,No,0
672,27,Government Sector,Yes,1050000,2,1,No,No,0
1146,29,Private Sector/Self Employed,Yes,1200000,4,0,No,No,0
1335,25,Government Sector,Yes,750000,5,1,Yes,No,0
380,28,Private Sector/Self Employed,Yes,1200000,5,1,No,No,0
1741,28,Private Sector/Self Employed,Yes,800000,3,0,No,No,0
1620,27,Government Sector,Yes,850000,4,1,No,No,0
726,25,Private Sector/Self Employed,Yes,1700000,5,0,Yes,No,1
846,28,Private Sector/Self Employed,Yes,700000,4,0,No,No,0
1864,31,Government Sector,Yes,400000,6,1,No,No,1
343,28,Private Sector/Self Employed,Yes,1250000,7,0,No,No,0
372,29,Private Sector/Self Employed,Yes,350000,5,1,No,No,0
982,27,Government Sector,Yes,850000,5,0,No,No,0
1362,28,Private Sector/Self Employed,Yes,700000,2,1,No,No,1
696,32,Government Sector,Yes,350000,2,0,No,No,0
984,28,Private Sector/Self Employed,Yes,550000,5,1,No,No,0
1471,35,Government Sector,Yes,1100000,3,0,No,No,1
1918,33,Private Sector/Self Employed,Yes,1400000,3,0,No,Yes,1
1648,28,Private Sector/Self Employed,Yes,1100000,5,0,No,No,0
1645,25,Private Sector/Self Employed,No,1150000,3,0,Yes,No,0
1188,26,Private Sector/Self Employed,Yes,500000,5,0,No,No,0
1583,28,Government Sector,Yes,300000,6,0,No,No,0
918,33,Government Sector,Yes,1000000,7,1,No,No,1
85,25,Private Sector/Self Employed,No,1700000,4,0,Yes,No,1
517,31,Private Sector/Self Employed,Yes,1250000,5,0,No,No,1
1589,25,Private Sector/Self Employed,Yes,1400000,4,0,Yes,Yes,1
610,31,Private Sector/Self Employed,Yes,900000,8,0,No,Yes,0
1935,33,Government Sector,Yes,1000000,6,0,Yes,No,0
110,31,Government Sector,Yes,400000,5,0,No,No,0
857,28,Government Sector,Yes,600000,3,0,No,No,1
1231,34,Private Sector/Self Employed,Yes,1500000,4,1,Yes,Yes,1
1439,33,Government Sector,Yes,400000,7,1,No,No,1
1156,28,Private Sector/Self Employed,Yes,1300000,6,0,No,No,1
300,32,Government Sector,Yes,900000,5,1,No,No,1
1130,28,Private Sector/Self Employed,Yes,550000,5,0,Yes,No,0
1952,31,Government Sector,Yes,1500000,4,0,Yes,Yes,1
51,29,Private Sector/Self Employed,Yes,1050000,3,0,No,No,0
848,35,Government Sector,Yes,900000,6,1,No,No,0
1461,31,Government Sector,No,400000,8,0,No,No,0
1575,30,Private Sector/Self Employed,No,550000,3,0,No,No,0
1600,28,Government Sector,Yes,300000,7,0,No,No,1
99,29,Government Sector,Yes,600000,3,0,No,No,0
1445,28,Private Sector/Self Employed,Yes,1100000,4,1,No,No,0
495,31,Government Sector,Yes,1200000,4,0,No,No,0
1524,29,Private Sector/Self Employed,Yes,1200000,3,0,No,No,0
1062,32,Government Sector,Yes,650000,4,0,No,No,0
235,30,Private Sector/Self Employed,No,550000,4,0,No,No,0
381,29,Private Sector/Self Employed,Yes,1200000,5,0,No,No,0
1728,26,Private Sector/Self Employed,Yes,500000,6,0,No,No,0
279,32,Government Sector,Yes,350000,6,0,No,No,0
605,28,Private Sector/Self Employed,Yes,1250000,5,0,No,Yes,1
1771,26,Private Sector/Self Employed,Yes,1400000,4,0,No,Yes,1
1420,33,Government Sector,Yes,700000,3,0,No,No,0
1317,25,Private Sector/Self Employed,No,1700000,4,0,Yes,No,1
81,25,Private Sector/Self Employed,No,1150000,8,0,No,No,0
1960,28,Government Sector,Yes,300000,6,0,No,No,1
415,28,Government Sector,Yes,600000,5,0,No,No,0
962,33,Government Sector,Yes,1000000,5,0,No,No,0
689,27,Government Sector,Yes,500000,7,0,No,No,0
184,25,Government Sector,Yes,750000,3,0,No,No,0
1800,25,Government Sector,Yes,750000,3,1,No,No,0
890,33,Private Sector/Self Employed,Yes,1400000,3,0,No,Yes,1
280,32,Government Sector,Yes,800000,6,0,Yes,No,0
1063,28,Private Sector/Self Employed,Yes,1200000,6,0,No,No,0
1891,28,Private Sector/Self Employed,Yes,800000,7,1,No,No,1
1018,31,Government Sector,Yes,400000,7,0,No,No,0
296,32,Government Sector,Yes,350000,7,0,No,No,0
318,34,Government Sector,Yes,1100000,3,0,No,No,1
1605,26,Private Sector/Self Employed,Yes,450000,4,0,No,No,0
1913,33,Government Sector,Yes,1100000,5,0,No,No,0
1757,25,Private Sector/Self Employed,No,1150000,7,0,No,No,0
1060,35,Private Sector/Self Employed,No,950000,5,1,No,No,0
210,28,Private Sector/Self Employed,Yes,1200000,5,1,Yes,No,0
1685,28,Private Sector/Self Employed,Yes,750000,5,1,Yes,No,0
1941,27,Private Sector/Self Employed,No,450000,3,0,No,No,1
1592,25,Private Sector/Self Employed,No,1700000,5,0,Yes,No,1
1621,31,Private Sector/Self Employed,Yes,900000,4,1,No,No,0
1035,34,Private Sector/Self Employed,Yes,1300000,3,0,No,No,0
277,31,Private Sector/Self Employed,Yes,950000,7,0,Yes,No,0
1541,28,Private Sector/Self Employed,Yes,1100000,4,0,No,No,0
1507,27,Government Sector,Yes,750000,5,0,No,No,0
646,28,Private Sector/Self Employed,Yes,1100000,6,0,No,No,0
1198,33,Government Sector,Yes,400000,4,0,No,No,0
1700,28,Private Sector/Self Employed,Yes,800000,6,1,No,No,0
1226,34,Private Sector/Self Employed,Yes,1500000,5,0,Yes,Yes,1
147,31,Government Sector,No,400000,4,1,No,No,0
142,32,Government Sector,Yes,350000,9,1,No,No,0
992,28,Private Sector/Self Employed,Yes,1100000,4,1,No,No,0
638,26,Government Sector,Yes,1450000,3,0,Yes,Yes,1
1791,28,Private Sector/Self Employed,Yes,1200000,5,0,No,No,0
278,32,Government Sector,Yes,800000,5,1,No,No,1
995,27,Government Sector,Yes,850000,5,0,No,No,0
1718,34,Private Sector/Self Employed,Yes,700000,3,0,No,No,1
1949,34,Private Sector/Self Employed,Yes,700000,6,0,No,No,1
1692,29,Private Sector/Self Employed,Yes,1100000,6,0,Yes,No,0
270,34,Government Sector,Yes,1300000,6,0,No,Yes,1
1516,34,Government Sector,Yes,1300000,2,0,No,No,0
759,34,Private Sector/Self Employed,Yes,700000,7,1,No,No,1
450,31,Private Sector/Self Employed,Yes,1250000,6,0,No,Yes,0
139,35,Private Sector/Self Employed,No,800000,7,1,No,No,1
1448,32,Government Sector,Yes,800000,4,1,No,No,0
525,26,Private Sector/Self Employed,Yes,500000,9,0,No,No,0
340,27,Private Sector/Self Employed,No,800000,7,1,No,No,0
273,34,Private Sector/Self Employed,Yes,1000000,6,0,Yes,No,1
1204,28,Private Sector/Self Employed,Yes,800000,3,1,No,No,1
218,26,Private Sector/Self Employed,Yes,1500000,7,0,Yes,Yes,0
1527,31,Private Sector/Self Employed,Yes,1250000,5,0,No,No,1
1746,31,Government Sector,Yes,400000,2,0,No,No,0
749,34,Government Sector,Yes,1300000,8,0,No,No,1
549,28,Government Sector,No,300000,5,1,No,No,0
1790,28,Private Sector/Self Employed,Yes,1150000,4,0,No,No,0
1052,29,Private Sector/Self Employed,Yes,1200000,7,1,No,No,0
1569,27,Government Sector,Yes,500000,5,0,No,No,0
1974,28,Private Sector/Self Employed,Yes,1200000,6,0,Yes,No,0
1560,28,Private Sector/Self Employed,Yes,1200000,4,0,No,No,0
1134,31,Private Sector/Self Employed,Yes,1250000,7,0,No,No,1
423,25,Private Sector/Self Employed,Yes,1400000,5,0,No,Yes,1
591,25,Private Sector/Self Employed,No,1150000,3,1,No,No,0
1294,28,Private Sector/Self Employed,Yes,600000,4,0,No,No,0
1607,29,Private Sector/Self Employed,Yes,350000,8,1,No,No,1
613,31,Private Sector/Self Employed,Yes,1250000,6,0,No,No,0
1477,34,Private Sector/Self Employed,Yes,1000000,5,0,No,No,0
1827,32,Government Sector,Yes,800000,5,1,Yes,No,1
944,33,Government Sector,Yes,600000,3,0,No,No,0
1368,29,Private Sector/Self Employed,Yes,1350000,6,0,No,Yes,1
458,26,Private Sector/Self Employed,Yes,750000,3,1,No,No,0
1463,28,Private Sector/Self Employed,Yes,1150000,6,0,No,No,0
1680,31,Government Sector,Yes,1300000,8,0,No,No,0
344,32,Government Sector,Yes,800000,4,0,Yes,Yes,0
1774,32,Government Sector,Yes,350000,5,0,No,No,0
766,34,Private Sector/Self Employed,Yes,700000,3,1,No,No,0
1599,27,Government Sector,Yes,850000,3,0,No,No,0
1695,35,Government Sector,Yes,1100000,5,0,No,No,0
987,33,Private Sector/Self Employed,Yes,1400000,2,1,No,Yes,1
141,25,Private Sector/Self Employed,Yes,1400000,3,0,No,Yes,0
133,25,Private Sector/Self Employed,Yes,1750000,4,0,No,Yes,1
1092,31,Government Sector,Yes,1500000,7,0,Yes,Yes,1
1473,29,Private Sector/Self Employed,Yes,1050000,6,0,No,No,0
1826,29,Private Sector/Self Employed,Yes,1200000,6,0,No,No,0
1780,31,Private Sector/Self Employed,Yes,950000,3,0,Yes,No,0
1376,27,Government Sector,Yes,750000,3,1,No,No,0
803,29,Private Sector/Self Employed,Yes,1050000,7,1,No,No,0
1657,28,Private Sector/Self Employed,Yes,550000,4,0,No,No,0
1656,26,Private Sector/Self Employed,Yes,600000,3,0,No,No,0
1210,30,Private Sector/Self Employed,No,800000,5,0,No,No,1
558,34,Private Sector/Self Employed,Yes,850000,3,1,No,No,0
959,31,Private Sector/Self Employed,Yes,500000,6,0,No,No,0
520,35,Government Sector,Yes,1100000,4,1,No,No,0
307,28,Private Sector/Self Employed,Yes,1150000,8,1,No,No,0
937,28,Private Sector/Self Employed,Yes,1250000,4,0,No,No,0
660,28,Government Sector,Yes,300000,4,0,No,No,0
27,28,Private Sector/Self Employed,Yes,1250000,2,0,Yes,No,0
1144,31,Government Sector,No,300000,4,0,No,No,0
1977,25,Private Sector/Self Employed,No,1350000,6,0,No,Yes,1
373,28,Private Sector/Self Employed,Yes,900000,5,0,Yes,No,0
1878,28,Private Sector/Self Employed,Yes,700000,4,0,No,No,1
1699,28,Private Sector/Self Employed,Yes,700000,3,0,No,No,1
222,28,Private Sector/Self Employed,Yes,1200000,3,0,No,No,0
1978,34,Private Sector/Self Employed,Yes,700000,5,0,No,No,1
89,28,Government Sector,Yes,300000,8,0,No,No,0
275,26,Private Sector/Self Employed,Yes,1400000,4,1,No,Yes,1
26,34,Private Sector/Self Employed,No,1300000,6,0,Yes,No,1
948,29,Private Sector/Self Employed,Yes,500000,5,0,No,No,0
401,34,Private Sector/Self Employed,Yes,700000,4,0,No,No,0
742,34,Private Sector/Self Employed,Yes,1050000,7,1,No,No,1
891,29,Private Sector/Self Employed,Yes,1050000,5,1,No,No,0
552,27,Government Sector,Yes,1050000,4,0,No,No,0
1710,31,Private Sector/Self Employed,Yes,1350000,4,0,No,Yes,1
835,35,Private Sector/Self Employed,No,600000,9,0,No,No,0
1687,31,Government Sector,No,400000,4,1,No,No,0
111,28,Private Sector/Self Employed,Yes,800000,5,0,No,No,0
1940,25,Private Sector/Self Employed,Yes,1400000,5,0,Yes,Yes,0
1421,31,Private Sector/Self Employed,Yes,1350000,3,1,Yes,Yes,1
1389,25,Private Sector/Self Employed,No,1150000,6,0,No,No,1
534,27,Private Sector/Self Employed,No,450000,4,0,No,No,1
1867,35,Private Sector/Self Employed,No,800000,5,0,No,No,1
426,25,Private Sector/Self Employed,Yes,500000,5,0,No,No,0
1769,29,Private Sector/Self Employed,Yes,1050000,5,0,No,No,0
427,25,Private Sector/Self Employed,Yes,1400000,7,0,Yes,Yes,1
603,33,Private Sector/Self Employed,Yes,1400000,6,1,No,Yes,1
1444,31,Private Sector/Self Employed,Yes,900000,6,0,No,No,0
388,28,Private Sector/Self Employed,Yes,550000,5,0,No,No,0
1470,33,Government Sector,Yes,1100000,4,0,No,No,0
1080,28,Private Sector/Self Employed,Yes,700000,7,0,No,No,0
313,25,Private Sector/Self Employed,No,1150000,4,0,No,No,1
789,28,Private Sector/Self Employed,Yes,750000,4,0,No,No,1
1177,34,Private Sector/Self Employed,Yes,700000,2,1,Yes,No,0
753,33,Government Sector,Yes,1100000,4,1,No,No,0
1446,29,Private Sector/Self Employed,Yes,500000,5,0,No,No,1
109,25,Private Sector/Self Employed,Yes,1700000,3,0,Yes,No,1
531,28,Private Sector/Self Employed,Yes,1150000,6,1,No,No,0
1776,29,Private Sector/Self Employed,Yes,1200000,4,0,No,No,0
889,35,Private Sector/Self Employed,No,800000,3,1,No,No,0
541,29,Private Sector/Self Employed,Yes,1200000,5,0,No,No,0
1347,28,Private Sector/Self Employed,Yes,1300000,3,0,No,No,0
1476,33,Private Sector/Self Employed,Yes,1750000,6,0,No,No,1
1131,31,Government Sector,Yes,400000,3,0,No,No,0
871,25,Private Sector/Self Employed,No,1700000,5,1,Yes,Yes,0
980,28,Government Sector,Yes,300000,8,0,No,No,0
1071,27,Government Sector,Yes,750000,8,0,No,No,0
309,33,Government Sector,Yes,650000,4,0,No,No,1
237,30,Private Sector/Self Employed,No,500000,8,0,No,No,0
1101,34,Private Sector/Self Employed,Yes,500000,4,0,No,No,0
1105,26,Government Sector,Yes,1450000,7,0,Yes,Yes,1
290,32,Government Sector,Yes,900000,6,1,No,No,0
1743,35,Private Sector/Self Employed,No,950000,4,0,No,No,1
1735,34,Private Sector/Self Employed,Yes,500000,6,0,No,No,0
905,28,Private Sector/Self Employed,Yes,550000,6,0,No,Yes,0
204,32,Government Sector,Yes,900000,4,0,Yes,No,0
213,26,Private Sector/Self Employed,Yes,1400000,5,0,Yes,Yes,1
385,34,Private Sector/Self Employed,Yes,1000000,5,0,No,No,0
405,32,Government Sector,Yes,850000,6,0,No,No,0
402,31,Private Sector/Self Employed,Yes,1250000,3,0,No,No,0
239,26,Private Sector/Self Employed,Yes,1250000,5,0,No,No,0
497,28,Private Sector/Self Employed,Yes,1200000,5,0,Yes,No,1
709,33,Private Sector/Self Employed,Yes,1500000,3,0,Yes,Yes,1
1604,29,Private Sector/Self Employed,Yes,1050000,7,0,No,No,0
1532,28,Government Sector,Yes,1200000,5,0,No,No,0
1345,28,Private Sector/Self Employed,Yes,700000,2,1,No,No,0
946,25,Private Sector/Self Employed,Yes,1400000,5,0,Yes,Yes,1
1325,30,Private Sector/Self Employed,No,800000,4,0,No,No,1
136,29,Private Sector/Self Employed,Yes,500000,6,0,No,No,1
504,29,Private Sector/Self Employed,Yes,500000,4,0,No,No,0
246,31,Government Sector,No,350000,6,1,No,No,0
1895,26,Government Sector,Yes,500000,3,0,No,No,0
1316,31,Private Sector/Self Employed,Yes,1400000,3,0,No,Yes,1
1235,28,Government Sector,Yes,1200000,3,0,No,No,0
1017,28,Government Sector,Yes,300000,3,1,No,No,0
1636,28,Private Sector/Self Employed,Yes,1400000,4,0,Yes,Yes,0
8,28,Private Sector/Self Employed,Yes,1450000,6,1,Yes,Yes,1
793,28,Private Sector/Self Employed,Yes,1150000,6,0,No,No,1
1564,30,Private Sector/Self Employed,No,550000,5,0,No,No,0
1490,25,Private Sector/Self Employed,No,1150000,5,0,No,No,0
498,29,Private Sector/Self Employed,Yes,600000,5,0,No,No,0
1713,28,Private Sector/Self Employed,Yes,800000,4,0,No,No,0
1372,33,Private Sector/Self Employed,Yes,550000,5,1,No,No,1
1046,33,Government Sector,Yes,400000,5,1,No,No,0
1665,31,Government Sector,No,300000,5,0,No,No,0
1898,25,Private Sector/Self Employed,No,600000,4,1,Yes,No,0
1410,28,Private Sector/Self Employed,Yes,550000,8,0,No,No,0
267,33,Government Sector,Yes,1100000,4,0,No,No,1
1180,26,Private Sector/Self Employed,Yes,500000,6,0,No,No,0
1519,28,Government Sector,Yes,300000,6,0,No,No,1
667,26,Private Sector/Self Employed,Yes,1300000,4,1,No,Yes,0
1108,35,Private Sector/Self Employed,No,950000,3,0,Yes,No,1
428,28,Private Sector/Self Employed,Yes,700000,5,1,No,No,0
952,28,Private Sector/Self Employed,Yes,1450000,5,0,Yes,Yes,1
1036,28,Private Sector/Self Employed,Yes,750000,5,0,No,No,0
1051,25,Private Sector/Self Employed,No,600000,4,0,Yes,Yes,0
1546,30,Private Sector/Self Employed,No,550000,2,1,No,No,0
1850,28,Government Sector,Yes,300000,5,0,No,No,0
1284,33,Government Sector,Yes,400000,5,0,No,No,0
547,26,Private Sector/Self Employed,Yes,1400000,4,1,No,Yes,1
50,31,Private Sector/Self Employed,Yes,1250000,3,1,No,No,0
728,28,Private Sector/Self Employed,Yes,1250000,6,0,No,Yes,0
1715,28,Private Sector/Self Employed,Yes,800000,6,1,No,No,0
697,25,Private Sector/Self Employed,Yes,1400000,3,1,No,Yes,1
1147,26,Private Sector/Self Employed,Yes,1500000,3,0,Yes,Yes,1
190,27,Government Sector,Yes,900000,5,0,No,No,0
668,33,Government Sector,Yes,1000000,5,0,Yes,No,0
355,28,Private Sector/Self Employed,Yes,1400000,3,0,No,Yes,1
424,29,Private Sector/Self Employed,Yes,1100000,7,1,Yes,No,1
1705,28,Government Sector,Yes,300000,8,0,No,No,0
1761,30,Private Sector/Self Employed,No,500000,7,1,No,No,0
1875,26,Private Sector/Self Employed,Yes,1400000,5,0,No,Yes,1
589,26,Private Sector/Self Employed,Yes,1400000,3,0,No,Yes,1
233,31,Government Sector,Yes,1200000,6,1,No,No,0
1224,33,Private Sector/Self Employed,Yes,1400000,7,0,No,Yes,1
1716,31,Private Sector/Self Employed,Yes,1250000,3,0,No,No,0
1115,34,Private Sector/Self Employed,Yes,700000,2,0,No,No,0
1058,27,Government Sector,Yes,900000,6,0,Yes,Yes,0
36,31,Government Sector,No,300000,9,1,No,No,0
920,32,Government Sector,Yes,650000,5,0,No,No,0
839,26,Private Sector/Self Employed,Yes,1250000,4,0,No,No,1
1155,28,Government Sector,Yes,600000,4,0,Yes,No,1
607,28,Private Sector/Self Employed,Yes,550000,8,1,No,No,0
329,28,Private Sector/Self Employed,Yes,1100000,8,0,No,No,0
1840,28,Private Sector/Self Employed,Yes,900000,8,0,No,No,0
1747,33,Private Sector/Self Employed,Yes,1500000,5,0,Yes,Yes,1
659,34,Private Sector/Self Employed,Yes,500000,3,0,No,No,0
1785,25,Private Sector/Self Employed,No,1150000,2,0,No,Yes,0
1085,28,Private Sector/Self Employed,Yes,1250000,7,0,No,No,0
1639,25,Private Sector/Self Employed,Yes,1700000,4,0,Yes,No,1
1846,32,Government Sector,Yes,850000,4,0,No,No,0
1234,34,Government Sector,Yes,1300000,4,0,No,No,0
1887,31,Private Sector/Self Employed,Yes,900000,5,0,No,No,0
479,34,Government Sector,Yes,1300000,4,1,No,No,0
938,28,Government Sector,Yes,1200000,8,0,Yes,No,1
1720,29,Private Sector/Self Employed,Yes,1100000,2,0,No,No,0
989,33,Government Sector,Yes,400000,7,1,No,No,1
11,26,Private Sector/Self Employed,Yes,1400000,5,0,Yes,Yes,1
581,28,Private Sector/Self Employed,Yes,700000,4,1,No,No,0
7,31,Private Sector/Self Employed,Yes,1350000,3,0,Yes,Yes,1
1396,32,Government Sector,Yes,350000,5,1,No,No,0
1407,31,Private Sector/Self Employed,Yes,1250000,4,0,No,No,0
637,34,Private Sector/Self Employed,Yes,1300000,5,1,No,No,0
917,28,Government Sector,Yes,300000,6,0,No,No,0
967,29,Private Sector/Self Employed,Yes,900000,5,0,No,No,0
1981,27,Government Sector,Yes,850000,3,0,No,No,1
1186,31,Private Sector/Self Employed,Yes,900000,3,1,No,No,0
1469,28,Government Sector,Yes,300000,6,0,No,No,0
1503,29,Private Sector/Self Employed,Yes,500000,4,0,No,No,0
851,28,Private Sector/Self Employed,Yes,500000,5,0,No,No,1
47,35,Government Sector,Yes,1100000,5,0,No,No,0
533,29,Private Sector/Self Employed,Yes,600000,3,0,No,No,0
1721,30,Private Sector/Self Employed,No,1450000,2,1,Yes,Yes,1
254,28,Government Sector,Yes,1200000,5,0,No,No,0
363,34,Government Sector,Yes,1300000,4,0,No,No,0
146,30,Private Sector/Self Employed,No,750000,3,1,No,No,1
1281,29,Government Sector,Yes,600000,4,0,No,No,0
1238,34,Private Sector/Self Employed,Yes,700000,6,0,No,No,1
1509,28,Private Sector/Self Employed,Yes,1300000,4,1,No,No,0
579,33,Government Sector,Yes,400000,3,0,No,No,0
569,27,Government Sector,Yes,500000,4,1,No,No,0
1649,28,Private Sector/Self Employed,Yes,1150000,4,1,No,No,0
844,33,Government Sector,Yes,1100000,2,0,No,No,0
575,29,Private Sector/Self Employed,Yes,900000,6,0,Yes,No,1
797,28,Government Sector,Yes,300000,4,0,No,No,0
1551,28,Private Sector/Self Employed,Yes,1300000,6,0,No,No,0
84,32,Government Sector,Yes,350000,6,1,No,No,0
664,34,Private Sector/Self Employed,Yes,1500000,4,0,Yes,Yes,1
1218,28,Private Sector/Self Employed,Yes,1150000,7,0,No,No,0
453,31,Private Sector/Self Employed,Yes,1100000,3,0,No,No,0
1340,28,Private Sector/Self Employed,Yes,700000,4,1,No,No,1
259,33,Government Sector,Yes,400000,3,1,No,No,1
240,27,Private Sector/Self Employed,No,350000,7,0,No,No,0
1295,35,Government Sector,Yes,900000,7,1,Yes,No,1
65,26,Private Sector/Self Employed,Yes,600000,5,1,No,No,0
801,31,Private Sector/Self Employed,Yes,500000,4,1,No,No,1
182,35,Private Sector/Self Employed,No,800000,3,0,Yes,No,1
711,34,Private Sector/Self Employed,Yes,1000000,8,0,No,No,1
1217,31,Government Sector,Yes,400000,7,0,No,No,0
958,27,Private Sector/Self Employed,No,350000,5,1,No,No,0
954,34,Private Sector/Self Employed,Yes,1000000,5,1,Yes,No,0
295,28,Private Sector/Self Employed,Yes,550000,5,0,No,No,0
1498,33,Government Sector,Yes,600000,4,0,No,No,0
815,25,Private Sector/Self Employed,No,1700000,5,1,Yes,No,0
1928,34,Private Sector/Self Employed,Yes,1500000,7,0,Yes,Yes,1
1043,30,Private Sector/Self Employed,No,500000,8,0,No,No,0
464,34,Private Sector/Self Employed,Yes,1500000,5,0,Yes,Yes,1
507,32,Government Sector,Yes,800000,2,1,No,No,0
1437,30,Private Sector/Self Employed,No,500000,7,0,No,No,1
494,34,Government Sector,Yes,1300000,5,1,No,Yes,0
1828,28,Government Sector,Yes,300000,3,0,No,No,0
1127,30,Private Sector/Self Employed,No,650000,6,0,Yes,No,0
703,27,Government Sector,Yes,500000,6,0,No,No,0
1417,35,Private Sector/Self Employed,No,800000,5,0,No,No,0
322,28,Private Sector/Self Employed,Yes,750000,3,0,No,No,0
1909,28,Government Sector,No,300000,4,1,No,No,0
45,34,Private Sector/Self Employed,No,1400000,5,1,No,Yes,1
1608,26,Private Sector/Self Employed,Yes,1500000,6,0,Yes,Yes,1
1225,31,Government Sector,No,350000,3,1,No,No,0
230,29,Private Sector/Self Employed,Yes,900000,7,0,Yes,No,0
1381,25,Private Sector/Self Employed,Yes,1400000,4,1,No,Yes,1
68,29,Private Sector/Self Employed,Yes,350000,4,0,No,No,0
1742,28,Private Sector/Self Employed,Yes,800000,3,0,No,No,0
1242,28,Private Sector/Self Employed,Yes,700000,3,1,No,Yes,0
1555,26,Private Sector/Self Employed,Yes,1400000,9,1,No,Yes,1
551,25,Private Sector/Self Employed,Yes,1400000,9,1,No,Yes,1
169,25,Private Sector/Self Employed,No,600000,6,0,No,No,0
1001,26,Private Sector/Self Employed,Yes,1250000,5,0,No,No,1
188,26,Government Sector,Yes,500000,4,0,No,No,0
1,31,Private Sector/Self Employed,Yes,1250000,7,0,No,No,0
1246,26,Private Sector/Self Employed,Yes,1250000,4,0,No,No,0
1270,31,Government Sector,No,350000,3,0,No,No,0
506,28,Private Sector/Self Employed,Yes,600000,6,0,No,No,0
821,34,Private Sector/Self Employed,Yes,1000000,4,1,No,No,1
1460,28,Private Sector/Self Employed,Yes,550000,4,0,No,No,0
1465,35,Private Sector/Self Employed,No,950000,2,1,No,No,0
535,31,Private Sector/Self Employed,Yes,1350000,5,0,No,Yes,1
1950,28,Private Sector/Self Employed,Yes,1250000,6,0,No,Yes,0
1871,34,Private Sector/Self Employed,Yes,1500000,4,0,Yes,Yes,1
565,28,Private Sector/Self Employed,Yes,800000,5,0,No,No,0
971,34,Private Sector/Self Employed,Yes,1050000,6,0,No,Yes,1
910,34,Government Sector,Yes,1300000,4,0,No,No,0
1330,33,Government Sector,Yes,1100000,4,0,No,No,0
263,35,Private Sector/Self Employed,No,800000,4,0,No,No,0
1647,34,Private Sector/Self Employed,Yes,850000,5,1,Yes,No,0
630,28,Private Sector/Self Employed,Yes,1100000,9,0,No,No,0
978,32,Government Sector,Yes,900000,4,0,Yes,No,0
926,34,Private Sector/Self Employed,Yes,700000,5,0,No,No,1
1889,31,Government Sector,Yes,1300000,6,0,No,No,0
561,29,Private Sector/Self Employed,Yes,1050000,9,0,No,No,0
195,25,Private Sector/Self Employed,Yes,1400000,5,0,Yes,Yes,1
1485,34,Private Sector/Self Employed,Yes,500000,4,0,No,No,0
1623,33,Private Sector/Self Employed,Yes,1400000,3,0,No,Yes,1
435,34,Private Sector/Self Employed,Yes,1500000,4,1,Yes,Yes,1
1602,28,Private Sector/Self Employed,Yes,700000,5,0,No,No,0
834,33,Private Sector/Self Employed,Yes,1400000,5,1,Yes,Yes,1
1441,31,Government Sector,Yes,400000,4,0,No,No,0
122,32,Government Sector,Yes,800000,6,1,No,No,0
1338,28,Private Sector/Self Employed,Yes,1450000,4,0,Yes,Yes,1
1296,29,Private Sector/Self Employed,Yes,1050000,3,0,No,No,0
135,28,Private Sector/Self Employed,Yes,800000,6,0,No,Yes,1
215,33,Government Sector,Yes,1100000,5,0,No,No,0
224,31,Private Sector/Self Employed,Yes,1100000,5,0,Yes,No,0
37,34,Private Sector/Self Employed,Yes,700000,4,0,No,No,0
1113,33,Government Sector,Yes,400000,5,0,No,No,0
832,34,Private Sector/Self Employed,Yes,1500000,6,0,Yes,Yes,1
1196,28,Government Sector,Yes,300000,2,0,No,No,0
1857,27,Government Sector,Yes,900000,4,0,No,No,0
41,33,Private Sector/Self Employed,Yes,550000,5,0,No,No,0
1150,28,Private Sector/Self Employed,Yes,600000,3,0,No,No,1
529,28,Private Sector/Self Employed,Yes,1250000,4,0,Yes,No,0
1609,27,Government Sector,Yes,500000,3,1,No,No,0
1293,28,Government Sector,Yes,300000,6,1,No,No,0
642,26,Government Sector,Yes,500000,6,1,No,No,0
1137,35,Private Sector/Self Employed,No,800000,5,0,No,No,0
840,28,Private Sector/Self Employed,Yes,1100000,3,0,No,No,1
407,25,Private Sector/Self Employed,No,1700000,6,0,Yes,No,1
588,35,Private Sector/Self Employed,No,800000,6,0,No,No,1
940,25,Private Sector/Self Employed,Yes,1400000,6,0,Yes,Yes,1
457,25,Private Sector/Self Employed,No,1150000,4,0,No,No,0
1032,32,Government Sector,Yes,850000,3,0,No,No,1
365,25,Private Sector/Self Employed,No,1700000,3,0,Yes,No,1
1358,26,Private Sector/Self Employed,Yes,1500000,4,0,Yes,Yes,1
484,33,Government Sector,Yes,800000,6,0,No,No,1
1655,28,Government Sector,Yes,300000,7,1,No,No,0
1312,34,Private Sector/Self Employed,Yes,1300000,5,0,No,No,0
1044,25,Private Sector/Self Employed,No,1350000,6,0,No,Yes,1
765,29,Private Sector/Self Employed,Yes,350000,4,0,No,No,0
173,26,Private Sector/Self Employed,Yes,450000,5,1,No,No,1
442,29,Private Sector/Self Employed,Yes,1100000,9,0,No,No,0
1965,30,Private Sector/Self Employed,No,550000,3,0,No,No,1
384,33,Government Sector,Yes,600000,3,0,No,Yes,0
1818,26,Government Sector,Yes,500000,8,0,No,No,0
694,34,Government Sector,Yes,1100000,6,1,No,No,1
1892,28,Private Sector/Self Employed,Yes,700000,5,0,No,No,0
654,32,Government Sector,Yes,1750000,6,0,No,No,0
1481,34,Private Sector/Self Employed,Yes,500000,6,0,No,No,1
116,28,Private Sector/Self Employed,Yes,1150000,5,0,No,No,1
921,33,Government Sector,Yes,400000,4,0,No,No,0
346,25,Private Sector/Self Employed,Yes,1800000,7,1,Yes,No,1
441,34,Private Sector/Self Employed,Yes,850000,5,0,No,No,1
1869,31,Government Sector,Yes,1500000,2,0,Yes,Yes,1
1110,29,Private Sector/Self Employed,Yes,1100000,4,0,No,Yes,0
1839,32,Government Sector,Yes,350000,3,0,No,Yes,0
94,34,Private Sector/Self Employed,Yes,1300000,4,0,No,No,0
781,27,Government Sector,Yes,500000,5,0,No,No,1
860,34,Private Sector/Self Employed,Yes,1000000,4,1,No,No,0
1205,33,Government Sector,Yes,700000,3,0,No,No,0
1406,33,Government Sector,Yes,1100000,4,0,No,No,0
1568,29,Private Sector/Self Employed,Yes,1200000,5,0,No,Yes,0
1567,33,Private Sector/Self Employed,Yes,1500000,5,0,Yes,Yes,1
1081,26,Government Sector,Yes,1450000,5,0,Yes,Yes,1
559,29,Private Sector/Self Employed,Yes,1200000,3,0,No,No,1
321,28,Private Sector/Self Employed,Yes,500000,3,0,No,No,0
1868,25,Private Sector/Self Employed,Yes,1400000,5,0,No,Yes,1
3,28,Private Sector/Self Employed,Yes,700000,3,1,No,No,0
361,29,Private Sector/Self Employed,Yes,1350000,4,0,No,Yes,1
785,29,Private Sector/Self Employed,Yes,1200000,7,0,No,Yes,0
855,26,Private Sector/Self Employed,Yes,500000,6,0,No,No,0
1359,32,Government Sector,Yes,850000,9,0,Yes,No,1
837,29,Private Sector/Self Employed,Yes,1100000,7,0,Yes,No,0
32,25,Government Sector,Yes,750000,4,0,No,No,1
1305,29,Private Sector/Self Employed,Yes,900000,5,0,No,No,1
1040,32,Government Sector,Yes,850000,3,0,Yes,No,1
1181,28,Private Sector/Self Employed,Yes,600000,3,0,No,No,0
477,34,Private Sector/Self Employed,Yes,1500000,6,1,Yes,Yes,1
757,27,Government Sector,Yes,500000,6,1,No,No,0
1337,28,Private Sector/Self Employed,Yes,1250000,4,0,No,No,0
599,34,Private Sector/Self Employed,Yes,700000,4,1,No,No,0
519,25,Private Sector/Self Employed,No,1700000,3,0,Yes,No,1
1550,28,Private Sector/Self Employed,Yes,1200000,7,0,No,No,0
867,33,Private Sector/Self Employed,Yes,750000,5,0,No,No,0
806,30,Private Sector/Self Employed,No,550000,5,0,No,No,0
1170,34,Government Sector,Yes,1300000,5,0,No,No,0
1361,26,Private Sector/Self Employed,Yes,1400000,4,0,No,Yes,1
1511,26,Private Sector/Self Employed,Yes,1300000,5,0,No,No,0
593,28,Government Sector,Yes,600000,4,0,No,No,0
539,33,Government Sector,No,400000,4,0,No,No,0
140,28,Private Sector/Self Employed,Yes,550000,4,1,No,No,0
166,28,Private Sector/Self Employed,Yes,800000,7,0,No,No,0
501,31,Private Sector/Self Employed,Yes,1250000,3,0,No,No,0
1650,25,Private Sector/Self Employed,Yes,1800000,4,1,Yes,No,1
592,25,Private Sector/Self Employed,Yes,1700000,4,0,Yes,No,1
750,35,Private Sector/Self Employed,No,800000,4,0,No,No,0
174,34,Private Sector/Self Employed,Yes,700000,6,0,Yes,No,1
1616,27,Government Sector,Yes,500000,2,0,No,No,1
1969,31,Private Sector/Self Employed,Yes,500000,4,1,No,No,0
1395,35,Government Sector,Yes,1100000,2,1,No,No,0
597,34,Private Sector/Self Employed,Yes,1000000,4,0,No,No,0
151,29,Private Sector/Self Employed,Yes,1200000,7,0,No,No,1
331,33,Private Sector/Self Employed,Yes,550000,4,0,No,No,1
1691,26,Private Sector/Self Employed,Yes,1400000,5,0,No,Yes,1
1069,28,Private Sector/Self Employed,Yes,800000,4,1,No,No,0
1831,31,Government Sector,No,350000,4,1,No,No,0
566,27,Government Sector,Yes,850000,3,0,No,Yes,0
909,26,Private Sector/Self Employed,Yes,1400000,4,1,No,Yes,1
1798,25,Private Sector/Self Employed,Yes,1700000,3,0,Yes,No,1
1506,28,Private Sector/Self Employed,Yes,1150000,6,1,No,No,0
678,25,Private Sector/Self Employed,Yes,1700000,4,0,Yes,No,1
1806,26,Government Sector,Yes,550000,4,0,No,No,1
744,29,Private Sector/Self Employed,Yes,1050000,5,1,No,Yes,0
287,29,Private Sector/Self Employed,Yes,1200000,4,0,No,No,0
341,28,Private Sector/Self Employed,Yes,550000,7,0,No,No,0
1953,34,Government Sector,Yes,1300000,7,0,No,No,1
1002,29,Private Sector/Self Employed,Yes,500000,8,0,No,No,0
661,28,Government Sector,No,300000,5,0,No,No,0
1159,31,Private Sector/Self Employed,Yes,1250000,3,0,No,No,0
1652,34,Government Sector,Yes,1100000,7,1,Yes,No,1
452,34,Private Sector/Self Employed,Yes,1300000,4,1,No,No,1
824,32,Government Sector,Yes,850000,4,0,No,No,0
1254,34,Private Sector/Self Employed,Yes,700000,8,0,No,No,1
570,25,Private Sector/Self Employed,No,1150000,5,1,No,No,0
914,32,Government Sector,Yes,800000,6,1,No,No,0
1955,33,Government Sector,Yes,1750000,4,0,No,No,0
614,34,Private Sector/Self Employed,Yes,1000000,5,1,No,No,0
1688,31,Private Sector/Self Employed,Yes,1250000,8,0,No,No,0
114,29,Private Sector/Self Employed,Yes,500000,5,0,No,No,0
268,34,Private Sector/Self Employed,Yes,500000,6,0,No,No,1
1914,30,Private Sector/Self Employed,No,550000,6,0,No,No,0
1580,28,Private Sector/Self Employed,Yes,1200000,5,1,Yes,No,0
623,28,Private Sector/Self Employed,Yes,1100000,3,0,No,No,0
897,31,Government Sector,Yes,1300000,5,1,No,No,0
1306,28,Private Sector/Self Employed,Yes,700000,5,1,No,No,0
60,31,Private Sector/Self Employed,Yes,1250000,4,0,Yes,Yes,0
1022,27,Government Sector,Yes,850000,5,0,Yes,No,0
556,33,Private Sector/Self Employed,Yes,550000,4,1,No,No,0
1201,28,Private Sector/Self Employed,Yes,650000,5,0,Yes,No,0
1701,31,Private Sector/Self Employed,Yes,1250000,6,0,No,No,0
1947,32,Government Sector,Yes,900000,2,0,Yes,No,0
1075,32,Government Sector,Yes,650000,5,0,Yes,No,0
1689,27,Government Sector,Yes,500000,5,0,No,No,0
1161,28,Private Sector/Self Employed,Yes,600000,3,0,No,No,1
779,25,Private Sector/Self Employed,Yes,1400000,4,0,No,Yes,1
1967,34,Private Sector/Self Employed,Yes,700000,3,1,No,No,0
628,28,Private Sector/Self Employed,Yes,1150000,9,0,No,No,0
485,27,Private Sector/Self Employed,No,450000,4,0,No,No,0
1663,28,Private Sector/Self Employed,Yes,1250000,3,0,No,No,0
1165,28,Private Sector/Self Employed,Yes,1150000,2,0,No,No,1
1119,28,Government Sector,Yes,300000,6,1,No,No,0
643,28,Private Sector/Self Employed,Yes,1100000,5,1,No,No,0
1366,31,Government Sector,No,1750000,2,0,No,No,0
1966,34,Private Sector/Self Employed,Yes,700000,3,0,Yes,No,0
662,26,Private Sector/Self Employed,Yes,500000,6,0,No,No,0
819,28,Private Sector/Self Employed,Yes,1150000,4,1,No,No,0
285,33,Private Sector/Self Employed,Yes,750000,4,0,No,No,0
927,33,Private Sector/Self Employed,Yes,1500000,5,1,Yes,Yes,1
1724,28,Private Sector/Self Employed,Yes,900000,4,0,Yes,No,1
1942,28,Private Sector/Self Employed,Yes,900000,5,0,No,No,0
546,28,Private Sector/Self Employed,Yes,550000,3,0,No,No,0
1587,28,Private Sector/Self Employed,Yes,750000,3,0,No,No,0
640,27,Private Sector/Self Employed,No,800000,5,0,No,No,0
685,34,Private Sector/Self Employed,Yes,1500000,4,1,Yes,Yes,1
858,27,Government Sector,Yes,1050000,5,0,Yes,No,0
1183,29,Private Sector/Self Employed,Yes,1100000,4,1,No,No,0
1812,28,Private Sector/Self Employed,Yes,800000,6,0,No,Yes,0
308,34,Private Sector/Self Employed,Yes,1000000,9,1,No,No,0
1384,34,Private Sector/Self Employed,Yes,1000000,4,0,Yes,No,0
1802,31,Government Sector,Yes,400000,6,0,No,No,0
945,28,Private Sector/Self Employed,Yes,1200000,9,0,No,No,0
368,35,Private Sector/Self Employed,No,800000,3,0,No,No,1
1525,30,Private Sector/Self Employed,No,800000,4,0,No,No,0
1693,31,Government Sector,Yes,1300000,2,0,Yes,No,1
115,29,Private Sector/Self Employed,Yes,900000,4,0,No,No,0
1370,28,Private Sector/Self Employed,Yes,800000,6,0,No,No,0
316,31,Private Sector/Self Employed,Yes,950000,5,1,No,No,0
805,29,Private Sector/Self Employed,Yes,1050000,3,1,Yes,No,0
1249,28,Government Sector,Yes,600000,4,0,No,No,0
443,25,Private Sector/Self Employed,No,1150000,6,0,No,No,1
72,28,Private Sector/Self Employed,Yes,800000,6,1,Yes,No,0
52,31,Private Sector/Self Employed,Yes,1250000,4,0,No,Yes,0
688,33,Government Sector,Yes,400000,5,1,No,No,0
1630,31,Private Sector/Self Employed,Yes,900000,4,1,No,No,1
1537,29,Private Sector/Self Employed,Yes,500000,4,0,No,No,1
960,28,Private Sector/Self Employed,Yes,1450000,4,0,Yes,Yes,1
362,28,Private Sector/Self Employed,Yes,700000,2,1,No,No,0
1173,32,Government Sector,Yes,850000,7,0,No,Yes,1
1731,31,Private Sector/Self Employed,Yes,500000,5,0,No,No,0
38,34,Government Sector,Yes,1100000,2,0,No,No,0
46,25,Private Sector/Self Employed,Yes,1400000,4,0,No,Yes,1
1612,31,Private Sector/Self Employed,Yes,1400000,6,0,No,Yes,1
1502,28,Private Sector/Self Employed,Yes,750000,6,1,No,No,0
1904,28,Private Sector/Self Employed,Yes,700000,7,0,Yes,No,0
1740,26,Private Sector/Self Employed,Yes,600000,7,0,No,No,0
1545,34,Private Sector/Self Employed,No,1400000,3,0,Yes,Yes,1
562,33,Government Sector,Yes,1000000,4,0,No,Yes,0
838,29,Private Sector/Self Employed,Yes,1100000,5,0,Yes,No,0
502,28,Government Sector,Yes,300000,4,1,No,No,1
467,26,Government Sector,Yes,500000,5,0,No,No,0
1863,34,Private Sector/Self Employed,Yes,500000,5,0,No,No,0
74,28,Private Sector/Self Employed,Yes,700000,4,1,No,No,0
220,35,Private Sector/Self Employed,No,800000,2,0,No,No,0
1814,28,Private Sector/Self Employed,No,550000,5,0,Yes,No,1
1494,25,Government Sector,Yes,750000,6,0,No,No,1
1489,29,Private Sector/Self Employed,Yes,1350000,4,0,No,Yes,1
1610,33,Private Sector/Self Employed,Yes,550000,5,0,Yes,No,0
935,27,Private Sector/Self Employed,No,1550000,7,0,Yes,No,1
1518,31,Private Sector/Self Employed,Yes,1250000,6,0,No,No,1
788,34,Private Sector/Self Employed,Yes,500000,7,0,No,No,0
723,29,Private Sector/Self Employed,Yes,1050000,2,1,Yes,No,0
761,26,Private Sector/Self Employed,Yes,1500000,3,0,Yes,Yes,1
1920,32,Government Sector,Yes,800000,5,0,No,No,0
411,28,Government Sector,Yes,600000,6,0,No,No,0
118,31,Government Sector,Yes,1500000,4,1,Yes,Yes,1
1428,34,Private Sector/Self Employed,Yes,1300000,7,0,No,No,1
1219,34,Private Sector/Self Employed,Yes,700000,6,0,Yes,No,1
568,35,Private Sector/Self Employed,No,800000,5,0,No,No,0
121,26,Private Sector/Self Employed,Yes,1400000,6,0,No,Yes,1
1624,25,Private Sector/Self Employed,No,1150000,6,1,No,No,1
1374,28,Government Sector,Yes,300000,6,1,No,No,0
1574,28,Private Sector/Self Employed,No,550000,7,0,No,No,0
1012,29,Private Sector/Self Employed,Yes,1200000,5,0,No,No,0
241,35,Private Sector/Self Employed,No,800000,6,0,No,No,1
698,33,Private Sector/Self Employed,Yes,1200000,7,0,No,No,1
1357,30,Private Sector/Self Employed,No,550000,7,0,No,No,0
1622,34,Private Sector/Self Employed,Yes,1000000,9,0,No,No,1
611,28,Private Sector/Self Employed,Yes,500000,6,1,No,No,0
1273,29,Private Sector/Self Employed,Yes,1200000,4,0,Yes,No,0
1412,26,Private Sector/Self Employed,Yes,500000,4,1,No,No,1
1175,33,Government Sector,Yes,400000,4,1,No,No,0
92,28,Private Sector/Self Employed,Yes,1150000,5,0,No,No,0
991,30,Private Sector/Self Employed,No,1450000,7,0,Yes,Yes,1
400,29,Private Sector/Self Employed,Yes,1200000,4,0,Yes,No,0
374,28,Government Sector,Yes,600000,7,0,No,No,0
712,28,Private Sector/Self Employed,Yes,1450000,9,0,Yes,Yes,1
382,31,Private Sector/Self Employed,Yes,1400000,6,0,No,Yes,1
604,32,Government Sector,Yes,350000,7,0,No,No,0
999,34,Private Sector/Self Employed,Yes,1300000,6,0,No,No,1
250,34,Private Sector/Self Employed,Yes,1000000,6,1,No,No,1
825,29,Private Sector/Self Employed,Yes,900000,7,0,No,No,1
1781,29,Private Sector/Self Employed,Yes,600000,5,1,No,No,0
334,29,Private Sector/Self Employed,Yes,1050000,3,0,No,No,1
454,28,Government Sector,Yes,300000,4,0,No,No,0
1041,26,Private Sector/Self Employed,Yes,500000,2,1,No,No,0
260,26,Private Sector/Self Employed,Yes,1400000,3,1,No,Yes,1
1495,29,Private Sector/Self Employed,Yes,600000,4,0,No,No,1
349,28,Private Sector/Self Employed,Yes,500000,3,0,No,No,0
1860,28,Private Sector/Self Employed,Yes,550000,8,0,No,No,0
1533,33,Government Sector,Yes,600000,8,0,No,No,1
900,29,Private Sector/Self Employed,Yes,1050000,3,1,Yes,No,1
1861,34,Private Sector/Self Employed,Yes,1050000,5,0,Yes,No,0
1824,28,Private Sector/Self Employed,Yes,800000,4,1,Yes,No,0
631,33,Private Sector/Self Employed,Yes,1400000,6,1,No,Yes,1
783,29,Private Sector/Self Employed,Yes,1100000,7,0,No,No,0
869,33,Private Sector/Self Employed,Yes,1400000,3,0,No,Yes,1
557,27,Government Sector,Yes,1050000,3,0,No,No,0
1007,34,Private Sector/Self Employed,Yes,1000000,6,0,No,No,1
144,31,Private Sector/Self Employed,Yes,1250000,4,0,No,No,0
649,28,Government Sector,Yes,300000,5,0,No,No,0
829,26,Private Sector/Self Employed,Yes,600000,5,0,No,No,0
1829,31,Private Sector/Self Employed,Yes,1400000,4,1,No,Yes,1
82,28,Private Sector/Self Employed,Yes,1250000,4,1,No,No,0
96,28,Private Sector/Self Employed,Yes,700000,4,0,No,No,0
418,34,Private Sector/Self Employed,Yes,1000000,3,1,No,No,0
1554,31,Private Sector/Self Employed,Yes,900000,5,0,Yes,No,0
814,29,Private Sector/Self Employed,Yes,1050000,6,1,No,Yes,0
1320,31,Private Sector/Self Employed,Yes,1350000,3,0,Yes,Yes,1
42,26,Private Sector/Self Employed,Yes,1500000,2,1,Yes,Yes,1
1491,26,Private Sector/Self Employed,Yes,1400000,7,1,Yes,Yes,1
656,31,Private Sector/Self Employed,Yes,500000,6,1,No,No,0
217,28,Private Sector/Self Employed,Yes,800000,6,0,No,No,0
1163,29,Private Sector/Self Employed,Yes,900000,3,0,No,No,0
700,28,Private Sector/Self Employed,Yes,1450000,4,0,Yes,Yes,1
148,25,Private Sector/Self Employed,Yes,1400000,4,0,No,Yes,1
538,28,Private Sector/Self Employed,Yes,1150000,2,1,Yes,No,0
872,27,Private Sector/Self Employed,No,1000000,3,0,No,No,0
269,27,Private Sector/Self Employed,No,800000,5,0,No,No,0
216,34,Private Sector/Self Employed,Yes,1050000,8,0,No,No,1
1714,27,Government Sector,Yes,500000,2,0,No,No,0
720,27,Government Sector,Yes,850000,2,0,No,Yes,0
1866,28,Government Sector,Yes,300000,7,1,No,No,0
1483,28,Government Sector,Yes,300000,3,1,No,No,0
245,28,Private Sector/Self Employed,Yes,1150000,3,0,No,No,0
1641,28,Private Sector/Self Employed,Yes,1100000,4,0,No,No,0
2,34,Private Sector/Self Employed,Yes,500000,4,1,No,No,1
1711,28,Private Sector/Self Employed,Yes,1100000,4,0,No,No,0
1544,29,Private Sector/Self Employed,Yes,1200000,8,0,No,No,0
1712,28,Private Sector/Self Employed,Yes,1400000,4,0,No,Yes,1
795,32,Government Sector,Yes,350000,3,0,No,No,0
1321,31,Government Sector,No,300000,7,0,No,No,0
1057,28,Private Sector/Self Employed,Yes,700000,6,1,No,No,0
1229,33,Government Sector,Yes,400000,9,0,No,No,1
1958,31,Government Sector,Yes,1300000,3,1,No,No,0
1739,29,Private Sector/Self Employed,Yes,500000,2,0,No,No,0
1482,33,Government Sector,Yes,700000,4,0,No,Yes,0
1573,33,Government Sector,Yes,650000,4,1,No,No,0
1770,34,Private Sector/Self Employed,Yes,1050000,4,1,No,No,0
898,31,Government Sector,Yes,1300000,5,0,No,No,0
1853,34,Private Sector/Self Employed,Yes,700000,5,0,No,No,0
530,29,Private Sector/Self Employed,Yes,900000,3,0,No,No,0
1729,35,Government Sector,Yes,900000,7,0,No,No,1
1963,33,Government Sector,Yes,1100000,4,0,No,No,1
486,33,Private Sector/Self Employed,Yes,550000,4,0,Yes,No,0
73,28,Private Sector/Self Employed,Yes,750000,7,0,Yes,No,0
704,33,Government Sector,Yes,700000,8,0,No,No,1
1681,29,Private Sector/Self Employed,Yes,1050000,7,0,No,No,0
934,28,Private Sector/Self Employed,Yes,800000,5,0,Yes,No,0
1102,29,Private Sector/Self Employed,Yes,1200000,5,1,No,No,0
440,34,Private Sector/Self Employed,Yes,1000000,4,0,No,No,1
966,25,Private Sector/Self Employed,Yes,1700000,4,1,Yes,No,1
1268,33,Government Sector,Yes,1000000,5,0,No,Yes,1
1304,34,Private Sector/Self Employed,Yes,1050000,5,0,No,No,1
1912,34,Private Sector/Self Employed,Yes,500000,4,0,No,No,0
699,32,Government Sector,Yes,800000,3,1,Yes,No,0
90,27,Government Sector,Yes,1050000,3,0,No,No,0
315,28,Government Sector,Yes,300000,4,0,No,No,0
1079,34,Private Sector/Self Employed,Yes,1000000,3,0,No,No,0
446,28,Private Sector/Self Employed,Yes,700000,2,0,No,No,0
683,28,Private Sector/Self Employed,Yes,750000,4,0,No,No,0
1313,29,Private Sector/Self Employed,Yes,900000,7,0,No,No,0
828,34,Private Sector/Self Employed,Yes,1000000,6,1,No,No,1
1065,28,Government Sector,No,300000,7,1,No,No,0
528,25,Private Sector/Self Employed,No,1150000,5,0,No,No,0
1874,29,Private Sector/Self Employed,Yes,500000,3,0,No,No,0
522,35,Private Sector/Self Employed,No,800000,6,1,No,No,1
1094,34,Private Sector/Self Employed,Yes,700000,5,1,No,No,0
1157,28,Private Sector/Self Employed,Yes,800000,5,1,No,No,1
1282,31,Private Sector/Self Employed,Yes,1400000,3,0,Yes,Yes,1
311,34,Private Sector/Self Employed,Yes,1500000,7,0,Yes,Yes,1
758,33,Private Sector/Self Employed,Yes,1400000,6,1,No,Yes,1
1353,33,Private Sector/Self Employed,Yes,1200000,2,0,No,No,0
1415,31,Government Sector,Yes,1300000,3,1,No,No,1
695,28,Private Sector/Self Employed,Yes,1150000,7,0,No,No,0
771,29,Private Sector/Self Employed,Yes,500000,7,0,No,No,1
675,27,Private Sector/Self Employed,No,350000,3,0,No,No,0
532,31,Government Sector,Yes,1300000,5,1,Yes,No,1
459,34,Private Sector/Self Employed,Yes,1500000,5,0,Yes,Yes,1
1582,31,Private Sector/Self Employed,Yes,900000,4,0,No,No,0
17,28,Private Sector/Self Employed,Yes,800000,7,0,No,No,1
1563,31,Private Sector/Self Employed,Yes,1250000,7,0,No,No,0
912,31,Private Sector/Self Employed,Yes,1400000,6,0,Yes,Yes,1
1951,27,Private Sector/Self Employed,No,600000,4,0,No,No,0
1016,29,Private Sector/Self Employed,Yes,350000,9,1,No,No,0
1980,25,Private Sector/Self Employed,No,1150000,5,1,No,No,0
1849,28,Private Sector/Self Employed,Yes,1250000,7,0,No,No,0
692,31,Government Sector,No,300000,6,0,No,No,0
961,28,Government Sector,No,300000,6,1,No,No,0
679,26,Government Sector,Yes,500000,5,0,No,No,0
887,28,Government Sector,Yes,600000,4,0,No,No,0
1626,26,Private Sector/Self Employed,Yes,600000,3,0,No,No,0
1030,34,Private Sector/Self Employed,Yes,1000000,3,1,No,No,0
1213,25,Government Sector,Yes,750000,2,0,No,Yes,1
1027,25,Private Sector/Self Employed,No,1150000,5,0,Yes,No,0
127,27,Government Sector,Yes,750000,5,0,No,No,0
1193,34,Private Sector/Self Employed,No,950000,3,0,No,No,0
865,31,Private Sector/Self Employed,Yes,1350000,5,0,No,Yes,1
516,31,Private Sector/Self Employed,Yes,1250000,3,1,No,No,0
1142,27,Government Sector,Yes,750000,6,0,No,No,0
512,29,Private Sector/Self Employed,Yes,1100000,5,0,Yes,No,0
1336,28,Private Sector/Self Employed,Yes,900000,3,0,No,No,0
1671,29,Private Sector/Self Employed,Yes,1350000,8,0,No,Yes,1
1214,31,Government Sector,Yes,1200000,2,1,No,No,0
755,29,Private Sector/Self Employed,Yes,1200000,4,0,No,No,0
335,28,Private Sector/Self Employed,Yes,800000,2,0,No,No,1
1703,31,Private Sector/Self Employed,Yes,900000,5,1,No,No,0
208,29,Private Sector/Self Employed,Yes,1350000,4,0,No,Yes,1
1076,31,Private Sector/Self Employed,Yes,1350000,4,0,No,Yes,1
1619,25,Government Sector,Yes,750000,6,0,No,No,0
364,31,Government Sector,Yes,1200000,6,0,No,No,0
1472,28,Private Sector/Self Employed,Yes,1200000,5,0,No,No,0
1247,26,Private Sector/Self Employed,Yes,500000,7,0,No,No,0
1355,30,Private Sector/Self Employed,No,650000,6,0,Yes,No,1
1883,27,Government Sector,Yes,500000,4,0,No,No,0
1301,28,Private Sector/Self Employed,No,550000,3,0,No,No,0
1835,31,Government Sector,No,400000,5,0,No,No,0
985,25,Private Sector/Self Employed,Yes,1400000,3,1,Yes,Yes,1
225,31,Private Sector/Self Employed,Yes,1250000,2,0,No,No,0
715,28,Private Sector/Self Employed,Yes,1200000,5,0,No,No,0
1292,33,Government Sector,Yes,650000,9,1,No,No,0
1548,27,Private Sector/Self Employed,No,450000,3,0,No,No,0
1538,31,Government Sector,Yes,400000,5,0,No,No,0
543,34,Private Sector/Self Employed,Yes,850000,3,1,No,No,0
798,34,Government Sector,Yes,1300000,5,1,No,No,1
1745,34,Private Sector/Self Employed,Yes,850000,4,0,No,Yes,0
1581,33,Private Sector/Self Employed,Yes,550000,6,0,No,No,1
901,33,Government Sector,Yes,700000,2,0,No,No,0
1424,31,Government Sector,Yes,400000,9,0,No,No,0
469,25,Private Sector/Self Employed,No,1700000,5,0,Yes,No,1
671,29,Private Sector/Self Employed,Yes,1100000,3,1,No,No,0
1513,28,Private Sector/Self Employed,Yes,1450000,5,0,Yes,Yes,1
4,28,Private Sector/Self Employed,Yes,700000,8,1,Yes,No,0
416,31,Private Sector/Self Employed,Yes,1400000,7,0,No,Yes,1
1276,31,Government Sector,Yes,1200000,5,1,No,No,1
289,26,Private Sector/Self Employed,Yes,500000,3,0,No,No,0
1971,31,Private Sector/Self Employed,Yes,950000,5,0,No,No,0
145,28,Private Sector/Self Employed,Yes,1150000,6,0,No,No,0
1266,33,Private Sector/Self Employed,Yes,1400000,8,1,No,Yes,1
1497,33,Government Sector,Yes,400000,6,0,No,No,1
817,27,Government Sector,Yes,500000,4,0,No,No,1
1694,31,Government Sector,Yes,400000,5,0,No,No,0
842,29,Private Sector/Self Employed,Yes,1100000,3,0,No,No,0
963,26,Private Sector/Self Employed,Yes,600000,6,1,No,No,1
741,34,Private Sector/Self Employed,Yes,1300000,6,0,No,No,1
874,28,Private Sector/Self Employed,Yes,550000,4,0,No,No,0
1637,35,Private Sector/Self Employed,No,800000,5,0,No,Yes,1
168,27,Government Sector,Yes,850000,7,1,No,No,0
1759,25,Government Sector,Yes,750000,2,0,Yes,No,0
1323,34,Private Sector/Self Employed,Yes,1750000,5,0,No,No,0
1324,33,Government Sector,Yes,400000,9,1,No,No,1
641,34,Private Sector/Self Employed,Yes,700000,5,1,No,Yes,0
820,25,Private Sector/Self Employed,No,1150000,4,0,No,No,0
1096,30,Private Sector/Self Employed,No,1450000,7,1,Yes,Yes,1
1450,34,Private Sector/Self Employed,Yes,1050000,7,0,No,No,1
1842,34,Private Sector/Self Employed,Yes,700000,4,1,Yes,No,0
1706,33,Government Sector,Yes,400000,6,0,No,No,0
476,33,Private Sector/Self Employed,Yes,1400000,4,1,No,Yes,1
1467,32,Government Sector,Yes,850000,5,1,Yes,No,0
1934,25,Private Sector/Self Employed,No,1350000,3,1,Yes,Yes,0
1391,31,Private Sector/Self Employed,Yes,1400000,4,1,No,Yes,0
1195,31,Private Sector/Self Employed,Yes,900000,3,0,No,No,0
1615,30,Private Sector/Self Employed,No,650000,5,0,No,No,0
1388,27,Private Sector/Self Employed,No,350000,5,1,No,No,0
1709,28,Private Sector/Self Employed,Yes,1200000,6,1,No,No,0
298,25,Private Sector/Self Employed,No,1700000,4,0,Yes,No,1
186,28,Private Sector/Self Employed,Yes,500000,9,0,No,No,1
1455,33,Government Sector,Yes,1100000,4,0,No,No,1
924,31,Government Sector,Yes,400000,6,0,No,No,0
674,27,Government Sector,Yes,850000,2,0,No,No,0
576,31,Private Sector/Self Employed,Yes,1400000,3,0,No,Yes,1
1269,31,Government Sector,Yes,1200000,3,0,No,No,0
1404,34,Private Sector/Self Employed,Yes,1000000,6,0,No,No,1
590,28,Private Sector/Self Employed,Yes,500000,5,0,No,No,0
369,32,Government Sector,Yes,800000,7,1,No,No,0
1429,32,Government Sector,Yes,650000,3,0,No,No,1
633,28,Private Sector/Self Employed,Yes,700000,7,1,No,No,0
281,26,Private Sector/Self Employed,Yes,750000,6,0,No,No,0
903,28,Government Sector,Yes,600000,4,0,No,No,0
710,26,Government Sector,Yes,1450000,3,1,Yes,Yes,1
705,27,Government Sector,Yes,850000,5,1,No,No,0
1453,30,Private Sector/Self Employed,No,550000,3,1,No,No,0
852,27,Government Sector,Yes,500000,3,1,No,No,0
1505,27,Government Sector,Yes,500000,4,0,No,No,0
293,31,Private Sector/Self Employed,Yes,1250000,3,0,No,No,1
412,28,Government Sector,Yes,300000,7,1,No,No,0
895,28,Private Sector/Self Employed,Yes,600000,5,0,No,Yes,1
1893,32,Government Sector,Yes,850000,4,1,No,No,0
301,27,Government Sector,Yes,850000,4,1,No,No,0
1135,28,Private Sector/Self Employed,Yes,1100000,7,1,No,No,1
153,25,Private Sector/Self Employed,No,600000,5,0,Yes,No,0
1418,30,Private Sector/Self Employed,No,800000,4,0,No,No,1
1011,35,Private Sector/Self Employed,No,950000,9,0,No,No,1
436,28,Private Sector/Self Employed,Yes,1200000,4,1,No,Yes,0
778,27,Government Sector,Yes,850000,6,0,No,No,0
1257,28,Private Sector/Self Employed,No,550000,5,0,No,No,0
524,32,Government Sector,Yes,800000,4,0,No,No,0
299,27,Private Sector/Self Employed,No,450000,3,0,No,No,0
1515,32,Government Sector,Yes,350000,3,1,No,No,0
693,27,Private Sector/Self Employed,No,800000,5,1,No,No,0
622,32,Government Sector,Yes,800000,5,0,Yes,No,0
1488,28,Private Sector/Self Employed,Yes,700000,4,0,No,No,0
1755,34,Private Sector/Self Employed,Yes,850000,5,1,No,No,0
1943,29,Private Sector/Self Employed,Yes,1050000,2,0,No,No,0
66,30,Private Sector/Self Employed,No,800000,6,0,Yes,No,0
1627,29,Private Sector/Self Employed,Yes,1050000,3,0,No,No,1
863,29,Private Sector/Self Employed,Yes,1100000,3,0,No,No,0
1644,28,Private Sector/Self Employed,Yes,1100000,7,0,No,No,1
1841,32,Government Sector,Yes,350000,3,0,No,Yes,0
262,26,Private Sector/Self Employed,Yes,750000,4,1,No,No,0
976,26,Private Sector/Self Employed,Yes,1300000,5,0,No,No,0
1870,25,Private Sector/Self Employed,Yes,1700000,3,0,Yes,No,1
1654,25,Private Sector/Self Employed,Yes,1400000,5,1,Yes,Yes,1
272,28,Private Sector/Self Employed,Yes,700000,3,1,No,No,0
1000,28,Government Sector,Yes,300000,4,0,No,No,0
1048,25,Private Sector/Self Employed,Yes,500000,5,1,No,No,0
455,35,Government Sector,Yes,1100000,4,0,No,No,0
1921,31,Government Sector,No,300000,5,0,No,No,0
1902,33,Government Sector,Yes,400000,2,0,No,No,0
977,34,Private Sector/Self Employed,Yes,1500000,2,0,Yes,Yes,1
1772,28,Private Sector/Self Employed,Yes,1150000,8,0,Yes,No,0
319,25,Private Sector/Self Employed,Yes,1700000,2,1,Yes,No,1
1499,28,Private Sector/Self Employed,Yes,1200000,3,0,No,No,0
990,29,Private Sector/Self Employed,Yes,600000,4,0,Yes,No,1
264,29,Private Sector/Self Employed,Yes,350000,9,1,No,No,0
1670,34,Private Sector/Self Employed,Yes,1050000,8,1,No,No,1
1787,34,Private Sector/Self Employed,Yes,500000,5,0,No,No,0
1660,29,Private Sector/Self Employed,Yes,1200000,5,0,No,No,1
317,32,Government Sector,Yes,800000,6,0,No,No,1
836,28,Private Sector/Self Employed,Yes,1450000,4,0,Yes,Yes,1
1154,34,Private Sector/Self Employed,Yes,1000000,5,1,No,No,0
1434,34,Private Sector/Self Employed,Yes,1750000,3,0,Yes,No,0
526,31,Private Sector/Self Employed,Yes,1100000,4,1,No,No,0
513,27,Government Sector,Yes,850000,5,1,No,No,0
1479,25,Private Sector/Self Employed,Yes,1400000,7,0,No,Yes,1
1733,31,Government Sector,No,300000,5,0,No,No,0
1500,25,Private Sector/Self Employed,Yes,1750000,3,0,No,Yes,1
482,32,Government Sector,Yes,850000,9,0,No,No,0
648,28,Private Sector/Self Employed,Yes,800000,4,0,No,No,0
826,28,Private Sector/Self Employed,Yes,1150000,3,0,Yes,No,0
12,32,Government Sector,Yes,850000,6,0,No,No,1
1856,26,Private Sector/Self Employed,Yes,600000,3,0,Yes,No,0
691,31,Private Sector/Self Employed,Yes,950000,3,0,Yes,No,0
1484,28,Private Sector/Self Employed,Yes,800000,4,1,No,No,0
14,31,Government Sector,Yes,400000,3,0,No,No,0
1401,28,Government Sector,Yes,300000,3,0,No,No,0
1462,28,Private Sector/Self Employed,Yes,500000,3,1,No,No,0
996,31,Private Sector/Self Employed,Yes,1400000,4,0,Yes,Yes,1
1385,27,Government Sector,Yes,500000,4,0,No,No,0
371,27,Government Sector,Yes,900000,5,1,No,Yes,0
167,31,Government Sector,Yes,400000,3,0,No,No,0
951,34,Private Sector/Self Employed,Yes,1500000,5,0,Yes,Yes,1
1732,29,Private Sector/Self Employed,Yes,1200000,3,0,No,Yes,0
1985,34,Private Sector/Self Employed,Yes,1000000,6,0,Yes,Yes,1
158,31,Private Sector/Self Employed,Yes,1250000,6,0,Yes,No,1
1789,28,Private Sector/Self Employed,Yes,1150000,3,1,No,No,0
1003,31,Private Sector/Self Employed,Yes,1250000,5,1,No,No,0
1402,26,Private Sector/Self Employed,Yes,600000,4,1,No,No,0
22,31,Private Sector/Self Employed,Yes,1100000,4,0,No,No,0
1013,25,Private Sector/Self Employed,No,600000,4,0,Yes,No,0
137,29,Private Sector/Self Employed,Yes,600000,4,1,Yes,No,0
276,29,Private Sector/Self Employed,Yes,1050000,6,0,No,No,0
1004,31,Government Sector,No,400000,4,1,No,No,0
1522,31,Government Sector,No,400000,3,0,No,No,0
870,35,Private Sector/Self Employed,No,800000,2,0,No,Yes,0
1369,34,Private Sector/Self Employed,No,750000,4,0,Yes,No,0
0,31,Government Sector,Yes,400000,6,1,No,No,0
1661,28,Private Sector/Self Employed,Yes,700000,4,0,No,No,0
1061,31,Government Sector,Yes,400000,3,0,No,No,0
1252,34,Private Sector/Self Employed,Yes,1050000,5,0,No,No,0
219,31,Private Sector/Self Employed,Yes,1250000,9,1,No,No,0
419,25,Private Sector/Self Employed,No,1150000,4,0,No,No,0
438,33,Government Sector,Yes,400000,5,1,No,No,0
132,28,Private Sector/Self Employed,Yes,1100000,4,0,No,No,0
106,34,Private Sector/Self Employed,Yes,1300000,3,0,No,No,0
1153,28,Private Sector/Self Employed,Yes,1150000,6,0,No,No,0
1504,34,Private Sector/Self Employed,Yes,850000,2,0,No,No,0
582,29,Private Sector/Self Employed,Yes,1100000,3,0,No,No,0
1310,28,Private Sector/Self Employed,Yes,1150000,6,0,No,No,1
304,34,Private Sector/Self Employed,Yes,1050000,3,0,No,No,0
1042,31,Private Sector/Self Employed,Yes,500000,2,0,No,No,0
1565,28,Private Sector/Self Employed,Yes,800000,2,0,No,No,0
413,25,Private Sector/Self Employed,Yes,1700000,5,0,Yes,No,1
487,34,Private Sector/Self Employed,Yes,850000,4,0,No,No,1
1957,31,Private Sector/Self Employed,Yes,1250000,7,0,No,No,0
1099,35,Private Sector/Self Employed,No,800000,6,0,No,No,1
394,28,Private Sector/Self Employed,Yes,1200000,4,0,No,No,1
1897,35,Government Sector,Yes,1100000,4,0,Yes,No,1
1029,31,Government Sector,No,300000,3,0,No,No,0
1737,27,Government Sector,Yes,1050000,7,0,No,No,0
1055,25,Private Sector/Self Employed,Yes,1700000,5,0,Yes,No,1
968,31,Private Sector/Self Employed,Yes,1250000,5,1,No,No,0
587,29,Private Sector/Self Employed,Yes,900000,9,1,No,No,1
888,28,Private Sector/Self Employed,Yes,1250000,6,1,No,No,0
1082,29,Private Sector/Self Employed,Yes,1200000,8,1,No,No,0
1946,32,Government Sector,Yes,850000,7,0,Yes,Yes,1
1039,28,Private Sector/Self Employed,Yes,800000,3,1,No,No,0
1023,25,Private Sector/Self Employed,Yes,1400000,3,0,No,Yes,1
214,27,Government Sector,Yes,850000,5,1,No,Yes,0
1959,28,Private Sector/Self Employed,No,550000,6,0,No,No,0
28,26,Private Sector/Self Employed,Yes,600000,4,0,Yes,No,0
1792,34,Private Sector/Self Employed,Yes,1500000,3,0,Yes,Yes,1
1833,29,Private Sector/Self Employed,Yes,1200000,5,0,No,No,0
746,27,Government Sector,Yes,500000,3,1,No,No,0
1148,28,Private Sector/Self Employed,Yes,700000,5,0,Yes,No,0
1752,26,Government Sector,Yes,500000,5,1,No,No,0
904,28,Government Sector,Yes,300000,6,0,No,No,0
1908,28,Private Sector/Self Employed,Yes,800000,4,0,No,No,0
1926,25,Private Sector/Self Employed,Yes,1400000,5,0,No,Yes,1
1070,33,Government Sector,Yes,800000,5,1,No,No,0
670,28,Private Sector/Self Employed,Yes,800000,4,1,No,No,0
1397,28,Private Sector/Self Employed,Yes,900000,9,1,No,Yes,0
1948,35,Private Sector/Self Employed,No,800000,6,0,Yes,No,1
1394,30,Private Sector/Self Employed,No,650000,3,1,No,No,0
1377,26,Government Sector,Yes,1450000,3,0,Yes,Yes,1
1352,31,Government Sector,Yes,400000,5,0,No,No,0
636,25,Private Sector/Self Employed,Yes,1400000,4,0,No,Yes,1
327,34,Government Sector,Yes,1300000,3,0,No,No,0
886,31,Private Sector/Self Employed,Yes,1350000,3,0,No,Yes,1
1240,28,Private Sector/Self Employed,Yes,700000,5,0,Yes,No,0
1956,32,Government Sector,Yes,350000,3,1,No,Yes,1
1896,31,Private Sector/Self Employed,Yes,1400000,3,0,No,Yes,1
379,27,Private Sector/Self Employed,No,1550000,6,0,Yes,No,1
1664,25,Private Sector/Self Employed,No,1150000,4,0,Yes,No,0
939,31,Private Sector/Self Employed,Yes,500000,8,0,No,No,1
1910,28,Private Sector/Self Employed,Yes,1150000,7,0,No,No,0
1784,34,Private Sector/Self Employed,Yes,700000,4,0,No,No,1
899,25,Private Sector/Self Employed,Yes,1700000,3,0,Yes,No,1
1431,25,Private Sector/Self Employed,No,1150000,6,0,No,No,1
1178,28,Private Sector/Self Employed,Yes,800000,4,0,No,No,1
1588,31,Private Sector/Self Employed,Yes,900000,5,1,Yes,No,0
617,30,Private Sector/Self Employed,No,550000,5,0,Yes,No,1
1576,28,Private Sector/Self Employed,Yes,1100000,4,0,No,No,1
1937,34,Private Sector/Self Employed,Yes,500000,5,0,Yes,Yes,0
602,34,Private Sector/Self Employed,Yes,1500000,4,0,Yes,Yes,1
773,31,Private Sector/Self Employed,Yes,950000,6,0,No,No,0
112,30,Private Sector/Self Employed,No,800000,4,0,No,No,0
859,28,Private Sector/Self Employed,Yes,800000,4,0,No,No,0
183,25,Private Sector/Self Employed,No,1700000,3,1,Yes,No,0
1440,34,Private Sector/Self Employed,Yes,850000,5,0,No,No,0
509,28,Private Sector/Self Employed,Yes,1450000,6,0,Yes,Yes,1
493,29,Private Sector/Self Employed,Yes,1050000,7,0,No,No,0
1289,28,Private Sector/Self Employed,Yes,800000,2,0,No,No,0
768,34,Private Sector/Self Employed,Yes,1500000,5,0,Yes,Yes,1
1378,34,Government Sector,Yes,1300000,2,1,No,No,0
796,28,Government Sector,Yes,300000,7,0,No,No,0
595,25,Private Sector/Self Employed,No,1150000,5,1,Yes,No,0
1068,27,Government Sector,Yes,500000,4,1,No,No,1
1727,28,Private Sector/Self Employed,Yes,1100000,4,0,No,No,0
320,35,Private Sector/Self Employed,No,800000,5,0,No,No,0
1968,28,Government Sector,Yes,300000,5,1,No,No,0
339,29,Private Sector/Self Employed,Yes,1050000,5,0,No,No,0
1136,27,Private Sector/Self Employed,No,600000,6,0,No,No,1
1363,28,Government Sector,Yes,600000,7,0,No,No,0
1341,34,Private Sector/Self Employed,Yes,1000000,3,0,No,No,0
55,26,Private Sector/Self Employed,Yes,750000,5,0,No,No,0
763,28,Government Sector,Yes,600000,4,1,No,No,0
883,28,Private Sector/Self Employed,Yes,1350000,3,0,No,Yes,1
1367,27,Government Sector,Yes,850000,5,0,No,No,1
248,34,Government Sector,Yes,1300000,6,0,No,No,1
1820,28,Private Sector/Self Employed,Yes,800000,5,0,No,No,0
1264,31,Government Sector,Yes,400000,6,0,No,No,0
128,31,Private Sector/Self Employed,Yes,1350000,8,0,No,Yes,1
409,28,Private Sector/Self Employed,Yes,700000,5,0,No,No,0
352,31,Private Sector/Self Employed,Yes,1350000,6,0,No,Yes,1
684,25,Private Sector/Self Employed,No,1150000,4,0,No,No,0
358,34,Private Sector/Self Employed,Yes,1000000,5,0,Yes,No,0
738,28,Private Sector/Self Employed,Yes,800000,7,0,Yes,No,0
201,31,Private Sector/Self Employed,Yes,1400000,2,0,No,Yes,1
1200,26,Private Sector/Self Employed,Yes,1400000,4,1,No,Yes,1
162,34,Private Sector/Self Employed,Yes,500000,7,0,No,No,1
103,26,Private Sector/Self Employed,Yes,1400000,5,0,No,Yes,1
163,32,Government Sector,Yes,350000,5,0,No,No,0
80,26,Private Sector/Self Employed,Yes,1300000,4,1,No,No,0
1542,28,Private Sector/Self Employed,Yes,800000,3,0,No,No,0
57,34,Private Sector/Self Employed,Yes,1000000,6,0,No,No,1
1475,28,Government Sector,Yes,300000,4,0,No,No,0
518,29,Private Sector/Self Employed,Yes,1350000,4,0,Yes,Yes,1
1823,25,Private Sector/Self Employed,Yes,1800000,6,0,Yes,No,1
639,31,Private Sector/Self Employed,Yes,1250000,5,1,Yes,No,0
1026,28,Private Sector/Self Employed,Yes,700000,4,0,No,No,0
119,31,Private Sector/Self Employed,Yes,500000,4,0,No,No,0
1185,33,Government Sector,Yes,400000,4,0,No,No,0
1765,34,Private Sector/Self Employed,Yes,1300000,6,1,No,No,1
919,26,Private Sector/Self Employed,Yes,1500000,6,0,Yes,Yes,1
102,29,Private Sector/Self Employed,Yes,500000,3,1,No,No,0
101,33,Private Sector/Self Employed,Yes,1500000,3,1,Yes,Yes,1
255,34,Private Sector/Self Employed,Yes,1500000,5,0,Yes,Yes,1
1815,33,Private Sector/Self Employed,Yes,550000,3,1,No,No,1
48,28,Private Sector/Self Employed,Yes,600000,3,0,No,No,0
130,28,Private Sector/Self Employed,Yes,800000,4,0,No,No,0
830,34,Private Sector/Self Employed,Yes,1050000,6,0,No,No,1
879,29,Private Sector/Self Employed,Yes,1050000,4,0,No,No,1
1104,34,Private Sector/Self Employed,Yes,1000000,5,0,No,No,0
1255,28,Government Sector,Yes,1200000,3,0,No,No,0
747,34,Private Sector/Self Employed,Yes,1300000,6,0,No,No,1
1719,25,Private Sector/Self Employed,Yes,1700000,3,0,Yes,No,1
1638,29,Private Sector/Self Employed,Yes,1200000,4,0,No,No,1
54,29,Private Sector/Self Employed,Yes,1200000,7,0,No,No,0
294,29,Private Sector/Self Employed,Yes,1200000,4,0,No,No,0
305,26,Private Sector/Self Employed,Yes,1250000,4,1,No,Yes,0
1927,34,Private Sector/Self Employed,Yes,1000000,4,0,No,No,1
1559,34,Private Sector/Self Employed,Yes,1050000,3,1,No,No,0
1954,30,Private Sector/Self Employed,No,550000,6,1,No,No,0
326,28,Private Sector/Self Employed,Yes,1150000,5,0,No,No,0
226,34,Government Sector,Yes,1300000,9,1,No,No,1
916,26,Private Sector/Self Employed,Yes,1500000,6,0,Yes,Yes,1
266,31,Government Sector,Yes,400000,5,0,No,No,0
223,30,Private Sector/Self Employed,No,650000,3,0,No,No,0
10,31,Government Sector,Yes,400000,9,1,No,No,0
578,34,Private Sector/Self Employed,Yes,1000000,4,0,No,No,0
1322,34,Private Sector/Self Employed,Yes,1050000,6,0,No,No,1
291,34,Private Sector/Self Employed,Yes,1300000,3,0,Yes,No,0
1809,28,Government Sector,Yes,300000,6,1,No,No,0
1300,31,Government Sector,Yes,1200000,6,0,No,No,0
1332,29,Private Sector/Self Employed,Yes,1200000,4,0,No,No,0
393,29,Private Sector/Self Employed,Yes,1050000,3,0,Yes,No,0
680,29,Private Sector/Self Employed,Yes,1100000,4,1,No,Yes,1
655,28,Private Sector/Self Employed,Yes,700000,4,0,No,No,0
1216,27,Private Sector/Self Employed,No,800000,6,0,No,No,1
1844,27,Private Sector/Self Employed,No,350000,5,1,No,No,0
545,26,Private Sector/Self Employed,Yes,600000,6,1,No,No,0
635,28,Private Sector/Self Employed,No,550000,4,0,No,No,0
634,34,Private Sector/Self Employed,No,1300000,4,0,No,No,0
197,29,Private Sector/Self Employed,Yes,1150000,5,1,Yes,No,0
1725,28,Private Sector/Self Employed,Yes,700000,3,0,No,No,0
1005,27,Private Sector/Self Employed,No,350000,4,0,No,No,0
780,31,Government Sector,Yes,400000,6,0,No,No,0
354,25,Private Sector/Self Employed,No,1150000,5,0,No,No,1
1496,28,Private Sector/Self Employed,Yes,750000,4,0,No,No,0
511,31,Private Sector/Self Employed,Yes,1250000,3,0,No,Yes,0
658,30,Private Sector/Self Employed,No,1450000,6,0,Yes,Yes,1
192,28,Private Sector/Self Employed,Yes,800000,4,1,No,Yes,0
584,29,Private Sector/Self Employed,Yes,900000,5,0,No,No,0
353,31,Government Sector,No,300000,3,0,No,No,0
1124,29,Private Sector/Self Employed,Yes,1100000,5,0,Yes,No,0
1356,30,Private Sector/Self Employed,No,550000,3,0,Yes,Yes,0
1686,28,Private Sector/Self Employed,Yes,800000,6,0,No,Yes,0
